2026-03-13 07:46:53,135 [Worker-6: Loading available Gradle versions] INFO  o.e.b.c.i.u.g.PublishedGradleVersions - Gradle version information cache is not available. Remote download required.
2026-03-13 07:48:47,126 [Worker-20: Launching mavenrun-39f575b3-ba75-4a3f-88fb-92447bba0bf5] INFO  o.eclipse.m2e.core.internal.Bundles - getClasspathEntries(Bundle=org.eclipse.m2e.maven.runtime_3.9.1101.20251020-1549 [648])
2026-03-13 07:48:47,131 [Worker-20: Launching mavenrun-39f575b3-ba75-4a3f-88fb-92447bba0bf5] INFO  o.eclipse.m2e.core.internal.Bundles - 	Entry: C:\Users\SHANMUKHA GANESH\.p2\pool\plugins\org.eclipse.m2e.maven.runtime_3.9.1101.20251020-1549
2026-03-13 07:48:47,132 [Worker-20: Launching mavenrun-39f575b3-ba75-4a3f-88fb-92447bba0bf5] INFO  o.eclipse.m2e.core.internal.Bundles - 	Entry: C:\Users\SHANMUKHA GANESH\.p2\pool\plugins\org.eclipse.m2e.maven.runtime_3.9.1101.20251020-1549\jars\aopalliance-1.0.jar
2026-03-13 07:48:47,134 [Worker-20: Launching mavenrun-39f575b3-ba75-4a3f-88fb-92447bba0bf5] INFO  o.eclipse.m2e.core.internal.Bundles - 	Entry: C:\Users\SHANMUKHA GANESH\.p2\pool\plugins\org.eclipse.m2e.maven.runtime_3.9.1101.20251020-1549\jars\asm-9.8.jar
2026-03-13 07:48:47,134 [Worker-20: Launching mavenrun-39f575b3-ba75-4a3f-88fb-92447bba0bf5] INFO  o.eclipse.m2e.core.internal.Bundles - 	Entry: C:\Users\SHANMUKHA GANESH\.p2\pool\plugins\org.eclipse.m2e.maven.runtime_3.9.1101.20251020-1549\jars\error_prone_annotations-2.38.0.jar
2026-03-13 07:48:47,134 [Worker-20: Launching mavenrun-39f575b3-ba75-4a3f-88fb-92447bba0bf5] INFO  o.eclipse.m2e.core.internal.Bundles - 	Entry: C:\Users\SHANMUKHA GANESH\.p2\pool\plugins\org.eclipse.m2e.maven.runtime_3.9.1101.20251020-1549\jars\gson-2.13.1.jar
2026-03-13 07:48:47,135 [Worker-20: Launching mavenrun-39f575b3-ba75-4a3f-88fb-92447bba0bf5] INFO  o.eclipse.m2e.core.internal.Bundles - 	Entry: C:\Users\SHANMUKHA GANESH\.p2\pool\plugins\org.eclipse.m2e.maven.runtime_3.9.1101.20251020-1549\jars\guice-5.1.0-classes.jar
2026-03-13 07:48:47,135 [Worker-20: Launching mavenrun-39f575b3-ba75-4a3f-88fb-92447bba0bf5] INFO  o.eclipse.m2e.core.internal.Bundles - 	Entry: C:\Users\SHANMUKHA GANESH\.p2\pool\plugins\org.eclipse.m2e.maven.runtime_3.9.1101.20251020-1549\jars\httpclient-4.5.14.jar
2026-03-13 07:48:47,135 [Worker-20: Launching mavenrun-39f575b3-ba75-4a3f-88fb-92447bba0bf5] INFO  o.eclipse.m2e.core.internal.Bundles - 	Entry: C:\Users\SHANMUKHA GANESH\.p2\pool\plugins\org.eclipse.m2e.maven.runtime_3.9.1101.20251020-1549\jars\httpcore-4.4.16.jar
2026-03-13 07:48:47,135 [Worker-20: Launching mavenrun-39f575b3-ba75-4a3f-88fb-92447bba0bf5] INFO  o.eclipse.m2e.core.internal.Bundles - 	Entry: C:\Users\SHANMUKHA GANESH\.p2\pool\plugins\org.eclipse.m2e.maven.runtime_3.9.1101.20251020-1549\jars\jansi-2.4.2.jar
2026-03-13 07:48:47,135 [Worker-20: Launching mavenrun-39f575b3-ba75-4a3f-88fb-92447bba0bf5] INFO  o.eclipse.m2e.core.internal.Bundles - 	Entry: C:\Users\SHANMUKHA GANESH\.p2\pool\plugins\org.eclipse.m2e.maven.runtime_3.9.1101.20251020-1549\jars\jcl-over-slf4j-1.7.36.jar
2026-03-13 07:48:47,136 [Worker-20: Launching mavenrun-39f575b3-ba75-4a3f-88fb-92447bba0bf5] INFO  o.eclipse.m2e.core.internal.Bundles - 	Entry: C:\Users\SHANMUKHA GANESH\.p2\pool\plugins\org.eclipse.m2e.maven.runtime_3.9.1101.20251020-1549\jars\maven-artifact-3.9.11.jar
2026-03-13 07:48:47,136 [Worker-20: Launching mavenrun-39f575b3-ba75-4a3f-88fb-92447bba0bf5] INFO  o.eclipse.m2e.core.internal.Bundles - 	Entry: C:\Users\SHANMUKHA GANESH\.p2\pool\plugins\org.eclipse.m2e.maven.runtime_3.9.1101.20251020-1549\jars\maven-builder-support-3.9.11.jar
2026-03-13 07:48:47,136 [Worker-20: Launching mavenrun-39f575b3-ba75-4a3f-88fb-92447bba0bf5] INFO  o.eclipse.m2e.core.internal.Bundles - 	Entry: C:\Users\SHANMUKHA GANESH\.p2\pool\plugins\org.eclipse.m2e.maven.runtime_3.9.1101.20251020-1549\jars\maven-compat-3.9.11.jar
2026-03-13 07:48:47,136 [Worker-20: Launching mavenrun-39f575b3-ba75-4a3f-88fb-92447bba0bf5] INFO  o.eclipse.m2e.core.internal.Bundles - 	Entry: C:\Users\SHANMUKHA GANESH\.p2\pool\plugins\org.eclipse.m2e.maven.runtime_3.9.1101.20251020-1549\jars\maven-core-3.9.11.jar
2026-03-13 07:48:47,137 [Worker-20: Launching mavenrun-39f575b3-ba75-4a3f-88fb-92447bba0bf5] INFO  o.eclipse.m2e.core.internal.Bundles - 	Entry: C:\Users\SHANMUKHA GANESH\.p2\pool\plugins\org.eclipse.m2e.maven.runtime_3.9.1101.20251020-1549\jars\maven-embedder-3.9.11.jar
2026-03-13 07:48:47,137 [Worker-20: Launching mavenrun-39f575b3-ba75-4a3f-88fb-92447bba0bf5] INFO  o.eclipse.m2e.core.internal.Bundles - 	Entry: C:\Users\SHANMUKHA GANESH\.p2\pool\plugins\org.eclipse.m2e.maven.runtime_3.9.1101.20251020-1549\jars\maven-model-3.9.11.jar
2026-03-13 07:48:47,137 [Worker-20: Launching mavenrun-39f575b3-ba75-4a3f-88fb-92447bba0bf5] INFO  o.eclipse.m2e.core.internal.Bundles - 	Entry: C:\Users\SHANMUKHA GANESH\.p2\pool\plugins\org.eclipse.m2e.maven.runtime_3.9.1101.20251020-1549\jars\maven-model-builder-3.9.11.jar
2026-03-13 07:48:47,137 [Worker-20: Launching mavenrun-39f575b3-ba75-4a3f-88fb-92447bba0bf5] INFO  o.eclipse.m2e.core.internal.Bundles - 	Entry: C:\Users\SHANMUKHA GANESH\.p2\pool\plugins\org.eclipse.m2e.maven.runtime_3.9.1101.20251020-1549\jars\maven-plugin-api-3.9.11.jar
2026-03-13 07:48:47,138 [Worker-20: Launching mavenrun-39f575b3-ba75-4a3f-88fb-92447bba0bf5] INFO  o.eclipse.m2e.core.internal.Bundles - 	Entry: C:\Users\SHANMUKHA GANESH\.p2\pool\plugins\org.eclipse.m2e.maven.runtime_3.9.1101.20251020-1549\jars\maven-repository-metadata-3.9.11.jar
2026-03-13 07:48:47,138 [Worker-20: Launching mavenrun-39f575b3-ba75-4a3f-88fb-92447bba0bf5] INFO  o.eclipse.m2e.core.internal.Bundles - 	Entry: C:\Users\SHANMUKHA GANESH\.p2\pool\plugins\org.eclipse.m2e.maven.runtime_3.9.1101.20251020-1549\jars\maven-resolver-api-1.9.24.jar
2026-03-13 07:48:47,138 [Worker-20: Launching mavenrun-39f575b3-ba75-4a3f-88fb-92447bba0bf5] INFO  o.eclipse.m2e.core.internal.Bundles - 	Entry: C:\Users\SHANMUKHA GANESH\.p2\pool\plugins\org.eclipse.m2e.maven.runtime_3.9.1101.20251020-1549\jars\maven-resolver-connector-basic-1.9.24.jar
2026-03-13 07:48:47,138 [Worker-20: Launching mavenrun-39f575b3-ba75-4a3f-88fb-92447bba0bf5] INFO  o.eclipse.m2e.core.internal.Bundles - 	Entry: C:\Users\SHANMUKHA GANESH\.p2\pool\plugins\org.eclipse.m2e.maven.runtime_3.9.1101.20251020-1549\jars\maven-resolver-impl-1.9.24.jar
2026-03-13 07:48:47,138 [Worker-20: Launching mavenrun-39f575b3-ba75-4a3f-88fb-92447bba0bf5] INFO  o.eclipse.m2e.core.internal.Bundles - 	Entry: C:\Users\SHANMUKHA GANESH\.p2\pool\plugins\org.eclipse.m2e.maven.runtime_3.9.1101.20251020-1549\jars\maven-resolver-named-locks-1.9.24.jar
2026-03-13 07:48:47,139 [Worker-20: Launching mavenrun-39f575b3-ba75-4a3f-88fb-92447bba0bf5] INFO  o.eclipse.m2e.core.internal.Bundles - 	Entry: C:\Users\SHANMUKHA GANESH\.p2\pool\plugins\org.eclipse.m2e.maven.runtime_3.9.1101.20251020-1549\jars\maven-resolver-provider-3.9.11.jar
2026-03-13 07:48:47,139 [Worker-20: Launching mavenrun-39f575b3-ba75-4a3f-88fb-92447bba0bf5] INFO  o.eclipse.m2e.core.internal.Bundles - 	Entry: C:\Users\SHANMUKHA GANESH\.p2\pool\plugins\org.eclipse.m2e.maven.runtime_3.9.1101.20251020-1549\jars\maven-resolver-spi-1.9.24.jar
2026-03-13 07:48:47,139 [Worker-20: Launching mavenrun-39f575b3-ba75-4a3f-88fb-92447bba0bf5] INFO  o.eclipse.m2e.core.internal.Bundles - 	Entry: C:\Users\SHANMUKHA GANESH\.p2\pool\plugins\org.eclipse.m2e.maven.runtime_3.9.1101.20251020-1549\jars\maven-resolver-transport-file-1.9.24.jar
2026-03-13 07:48:47,139 [Worker-20: Launching mavenrun-39f575b3-ba75-4a3f-88fb-92447bba0bf5] INFO  o.eclipse.m2e.core.internal.Bundles - 	Entry: C:\Users\SHANMUKHA GANESH\.p2\pool\plugins\org.eclipse.m2e.maven.runtime_3.9.1101.20251020-1549\jars\maven-resolver-transport-http-1.9.24.jar
2026-03-13 07:48:47,140 [Worker-20: Launching mavenrun-39f575b3-ba75-4a3f-88fb-92447bba0bf5] INFO  o.eclipse.m2e.core.internal.Bundles - 	Entry: C:\Users\SHANMUKHA GANESH\.p2\pool\plugins\org.eclipse.m2e.maven.runtime_3.9.1101.20251020-1549\jars\maven-resolver-transport-wagon-1.9.24.jar
2026-03-13 07:48:47,140 [Worker-20: Launching mavenrun-39f575b3-ba75-4a3f-88fb-92447bba0bf5] INFO  o.eclipse.m2e.core.internal.Bundles - 	Entry: C:\Users\SHANMUKHA GANESH\.p2\pool\plugins\org.eclipse.m2e.maven.runtime_3.9.1101.20251020-1549\jars\maven-resolver-util-1.9.24.jar
2026-03-13 07:48:47,140 [Worker-20: Launching mavenrun-39f575b3-ba75-4a3f-88fb-92447bba0bf5] INFO  o.eclipse.m2e.core.internal.Bundles - 	Entry: C:\Users\SHANMUKHA GANESH\.p2\pool\plugins\org.eclipse.m2e.maven.runtime_3.9.1101.20251020-1549\jars\maven-settings-3.9.11.jar
2026-03-13 07:48:47,140 [Worker-20: Launching mavenrun-39f575b3-ba75-4a3f-88fb-92447bba0bf5] INFO  o.eclipse.m2e.core.internal.Bundles - 	Entry: C:\Users\SHANMUKHA GANESH\.p2\pool\plugins\org.eclipse.m2e.maven.runtime_3.9.1101.20251020-1549\jars\maven-settings-builder-3.9.11.jar
2026-03-13 07:48:47,140 [Worker-20: Launching mavenrun-39f575b3-ba75-4a3f-88fb-92447bba0bf5] INFO  o.eclipse.m2e.core.internal.Bundles - 	Entry: C:\Users\SHANMUKHA GANESH\.p2\pool\plugins\org.eclipse.m2e.maven.runtime_3.9.1101.20251020-1549\jars\maven-shared-utils-3.4.2.jar
2026-03-13 07:48:47,141 [Worker-20: Launching mavenrun-39f575b3-ba75-4a3f-88fb-92447bba0bf5] INFO  o.eclipse.m2e.core.internal.Bundles - 	Entry: C:\Users\SHANMUKHA GANESH\.p2\pool\plugins\org.eclipse.m2e.maven.runtime_3.9.1101.20251020-1549\jars\org.eclipse.sisu.inject-0.9.0.M4.jar
2026-03-13 07:48:47,141 [Worker-20: Launching mavenrun-39f575b3-ba75-4a3f-88fb-92447bba0bf5] INFO  o.eclipse.m2e.core.internal.Bundles - 	Entry: C:\Users\SHANMUKHA GANESH\.p2\pool\plugins\org.eclipse.m2e.maven.runtime_3.9.1101.20251020-1549\jars\org.eclipse.sisu.plexus-0.9.0.M4.jar
2026-03-13 07:48:47,141 [Worker-20: Launching mavenrun-39f575b3-ba75-4a3f-88fb-92447bba0bf5] INFO  o.eclipse.m2e.core.internal.Bundles - 	Entry: C:\Users\SHANMUKHA GANESH\.p2\pool\plugins\org.eclipse.m2e.maven.runtime_3.9.1101.20251020-1549\jars\plexus-build-api-0.0.7.jar
2026-03-13 07:48:47,141 [Worker-20: Launching mavenrun-39f575b3-ba75-4a3f-88fb-92447bba0bf5] INFO  o.eclipse.m2e.core.internal.Bundles - 	Entry: C:\Users\SHANMUKHA GANESH\.p2\pool\plugins\org.eclipse.m2e.maven.runtime_3.9.1101.20251020-1549\jars\plexus-build-api-1.2.0.jar
2026-03-13 07:48:47,141 [Worker-20: Launching mavenrun-39f575b3-ba75-4a3f-88fb-92447bba0bf5] INFO  o.eclipse.m2e.core.internal.Bundles - 	Entry: C:\Users\SHANMUKHA GANESH\.p2\pool\plugins\org.eclipse.m2e.maven.runtime_3.9.1101.20251020-1549\jars\plexus-cipher-2.0.jar
2026-03-13 07:48:47,142 [Worker-20: Launching mavenrun-39f575b3-ba75-4a3f-88fb-92447bba0bf5] INFO  o.eclipse.m2e.core.internal.Bundles - 	Entry: C:\Users\SHANMUKHA GANESH\.p2\pool\plugins\org.eclipse.m2e.maven.runtime_3.9.1101.20251020-1549\jars\plexus-classworlds-2.9.0.jar
2026-03-13 07:48:47,142 [Worker-20: Launching mavenrun-39f575b3-ba75-4a3f-88fb-92447bba0bf5] INFO  o.eclipse.m2e.core.internal.Bundles - 	Entry: C:\Users\SHANMUKHA GANESH\.p2\pool\plugins\org.eclipse.m2e.maven.runtime_3.9.1101.20251020-1549\jars\plexus-component-annotations-2.2.0.jar
2026-03-13 07:48:47,142 [Worker-20: Launching mavenrun-39f575b3-ba75-4a3f-88fb-92447bba0bf5] INFO  o.eclipse.m2e.core.internal.Bundles - 	Entry: C:\Users\SHANMUKHA GANESH\.p2\pool\plugins\org.eclipse.m2e.maven.runtime_3.9.1101.20251020-1549\jars\plexus-interpolation-1.28.jar
2026-03-13 07:48:47,143 [Worker-20: Launching mavenrun-39f575b3-ba75-4a3f-88fb-92447bba0bf5] INFO  o.eclipse.m2e.core.internal.Bundles - 	Entry: C:\Users\SHANMUKHA GANESH\.p2\pool\plugins\org.eclipse.m2e.maven.runtime_3.9.1101.20251020-1549\jars\plexus-sec-dispatcher-2.0.jar
2026-03-13 07:48:47,144 [Worker-20: Launching mavenrun-39f575b3-ba75-4a3f-88fb-92447bba0bf5] INFO  o.eclipse.m2e.core.internal.Bundles - 	Entry: C:\Users\SHANMUKHA GANESH\.p2\pool\plugins\org.eclipse.m2e.maven.runtime_3.9.1101.20251020-1549\jars\plexus-utils-3.6.0.jar
2026-03-13 07:48:47,145 [Worker-20: Launching mavenrun-39f575b3-ba75-4a3f-88fb-92447bba0bf5] INFO  o.eclipse.m2e.core.internal.Bundles - 	Entry: C:\Users\SHANMUKHA GANESH\.p2\pool\plugins\org.eclipse.m2e.maven.runtime_3.9.1101.20251020-1549\jars\wagon-file-3.5.3.jar
2026-03-13 07:48:47,146 [Worker-20: Launching mavenrun-39f575b3-ba75-4a3f-88fb-92447bba0bf5] INFO  o.eclipse.m2e.core.internal.Bundles - 	Entry: C:\Users\SHANMUKHA GANESH\.p2\pool\plugins\org.eclipse.m2e.maven.runtime_3.9.1101.20251020-1549\jars\wagon-http-3.5.3.jar
2026-03-13 07:48:47,146 [Worker-20: Launching mavenrun-39f575b3-ba75-4a3f-88fb-92447bba0bf5] INFO  o.eclipse.m2e.core.internal.Bundles - 	Entry: C:\Users\SHANMUKHA GANESH\.p2\pool\plugins\org.eclipse.m2e.maven.runtime_3.9.1101.20251020-1549\jars\wagon-http-shared-3.5.3.jar
2026-03-13 07:48:47,147 [Worker-20: Launching mavenrun-39f575b3-ba75-4a3f-88fb-92447bba0bf5] INFO  o.eclipse.m2e.core.internal.Bundles - 	Entry: C:\Users\SHANMUKHA GANESH\.p2\pool\plugins\org.eclipse.m2e.maven.runtime_3.9.1101.20251020-1549\jars\wagon-provider-api-3.5.3.jar
2026-03-13 07:48:47,149 [Worker-20: Launching mavenrun-39f575b3-ba75-4a3f-88fb-92447bba0bf5] INFO  o.eclipse.m2e.core.internal.Bundles - getClasspathEntries(Bundle=com.google.guava_33.5.0.jre [18])
2026-03-13 07:48:47,149 [Worker-20: Launching mavenrun-39f575b3-ba75-4a3f-88fb-92447bba0bf5] INFO  o.eclipse.m2e.core.internal.Bundles - 	Entry: C:\Users\SHANMUKHA GANESH\.p2\pool\plugins\com.google.guava_33.5.0.jre.jar
2026-03-13 07:48:47,150 [Worker-20: Launching mavenrun-39f575b3-ba75-4a3f-88fb-92447bba0bf5] INFO  o.eclipse.m2e.core.internal.Bundles - getClasspathEntries(Bundle=slf4j.api_2.0.17 [1013])
2026-03-13 07:48:47,150 [Worker-20: Launching mavenrun-39f575b3-ba75-4a3f-88fb-92447bba0bf5] INFO  o.eclipse.m2e.core.internal.Bundles - 	Entry: C:\Users\SHANMUKHA GANESH\.p2\pool\plugins\slf4j.api_2.0.17.jar
2026-03-13 07:48:47,150 [Worker-20: Launching mavenrun-39f575b3-ba75-4a3f-88fb-92447bba0bf5] INFO  o.eclipse.m2e.core.internal.Bundles - getClasspathEntries(Bundle=jakarta.inject.jakarta.inject-api_1.0.5 [35])
2026-03-13 07:48:47,150 [Worker-20: Launching mavenrun-39f575b3-ba75-4a3f-88fb-92447bba0bf5] INFO  o.eclipse.m2e.core.internal.Bundles - 	Entry: C:\Users\SHANMUKHA GANESH\.p2\pool\plugins\jakarta.inject.jakarta.inject-api_1.0.5.jar
2026-03-13 07:48:47,150 [Worker-20: Launching mavenrun-39f575b3-ba75-4a3f-88fb-92447bba0bf5] INFO  o.eclipse.m2e.core.internal.Bundles - getClasspathEntries(Bundle=jakarta.annotation-api_1.3.5 [31])
2026-03-13 07:48:47,151 [Worker-20: Launching mavenrun-39f575b3-ba75-4a3f-88fb-92447bba0bf5] INFO  o.eclipse.m2e.core.internal.Bundles - 	Entry: C:\Users\SHANMUKHA GANESH\.p2\pool\plugins\jakarta.annotation-api_1.3.5.jar
2026-03-13 07:48:47,151 [Worker-20: Launching mavenrun-39f575b3-ba75-4a3f-88fb-92447bba0bf5] INFO  o.eclipse.m2e.core.internal.Bundles - getClasspathEntries(Bundle=org.apache.commons.cli_1.11.0 [82])
2026-03-13 07:48:47,151 [Worker-20: Launching mavenrun-39f575b3-ba75-4a3f-88fb-92447bba0bf5] INFO  o.eclipse.m2e.core.internal.Bundles - 	Entry: C:\Users\SHANMUKHA GANESH\.p2\pool\plugins\org.apache.commons.cli_1.11.0.jar
2026-03-13 07:48:47,151 [Worker-20: Launching mavenrun-39f575b3-ba75-4a3f-88fb-92447bba0bf5] INFO  o.eclipse.m2e.core.internal.Bundles - getClasspathEntries(Bundle=org.apache.commons.commons-codec_1.21.0 [84])
2026-03-13 07:48:47,151 [Worker-20: Launching mavenrun-39f575b3-ba75-4a3f-88fb-92447bba0bf5] INFO  o.eclipse.m2e.core.internal.Bundles - 	Entry: C:\Users\SHANMUKHA GANESH\.p2\pool\plugins\org.apache.commons.commons-codec_1.21.0.jar
2026-03-13 07:48:47,151 [Worker-20: Launching mavenrun-39f575b3-ba75-4a3f-88fb-92447bba0bf5] INFO  o.eclipse.m2e.core.internal.Bundles - getClasspathEntries(Bundle=com.google.guava.failureaccess_1.0.3 [19])
2026-03-13 07:48:47,152 [Worker-20: Launching mavenrun-39f575b3-ba75-4a3f-88fb-92447bba0bf5] INFO  o.eclipse.m2e.core.internal.Bundles - 	Entry: C:\Users\SHANMUKHA GANESH\.p2\pool\plugins\com.google.guava.failureaccess_1.0.3.jar
2026-03-13 07:48:47,156 [Worker-20: Launching mavenrun-39f575b3-ba75-4a3f-88fb-92447bba0bf5] INFO  o.e.m.i.launch.MavenLaunchDelegate - Run build in "C:\Users\SHANMU~1\AppData\Local\Temp\m2e-archetypeGenerator7742846482230725437":
2026-03-13 07:48:47,164 [Worker-20: Launching mavenrun-39f575b3-ba75-4a3f-88fb-92447bba0bf5] INFO  o.e.m.i.launch.MavenLaunchDelegate -  mvn  -DjavaCompilerVersion=17 -DjunitVersion=5.11.0 -DarchetypeGroupId=org.apache.maven.archetypes -DarchetypeArtifactId=maven-archetype-quickstart -DarchetypeVersion=1.5 -DgroupId=com.klu -DartifactId=fsad -Dversion=0.0.1-SNAPSHOT -Dpackage=com.klu.fsad -DoutputDirectory="C:\Users\SHANMUKHA GANESH\eclipse-workspace\InsemLab" -Dstyle.color=always -U archetype:generate
2026-03-13 07:51:12,402 [Worker-12: Launching mavenrun-68e171a2-8b3f-4eef-be15-3fac0492ceae] INFO  o.eclipse.m2e.core.internal.Bundles - getClasspathEntries(Bundle=org.eclipse.m2e.maven.runtime_3.9.1101.20251020-1549 [648])
2026-03-13 07:51:12,406 [Worker-12: Launching mavenrun-68e171a2-8b3f-4eef-be15-3fac0492ceae] INFO  o.eclipse.m2e.core.internal.Bundles - 	Entry: C:\Users\SHANMUKHA GANESH\.p2\pool\plugins\org.eclipse.m2e.maven.runtime_3.9.1101.20251020-1549
2026-03-13 07:51:12,407 [Worker-12: Launching mavenrun-68e171a2-8b3f-4eef-be15-3fac0492ceae] INFO  o.eclipse.m2e.core.internal.Bundles - 	Entry: C:\Users\SHANMUKHA GANESH\.p2\pool\plugins\org.eclipse.m2e.maven.runtime_3.9.1101.20251020-1549\jars\aopalliance-1.0.jar
2026-03-13 07:51:12,408 [Worker-12: Launching mavenrun-68e171a2-8b3f-4eef-be15-3fac0492ceae] INFO  o.eclipse.m2e.core.internal.Bundles - 	Entry: C:\Users\SHANMUKHA GANESH\.p2\pool\plugins\org.eclipse.m2e.maven.runtime_3.9.1101.20251020-1549\jars\asm-9.8.jar
2026-03-13 07:51:12,409 [Worker-12: Launching mavenrun-68e171a2-8b3f-4eef-be15-3fac0492ceae] INFO  o.eclipse.m2e.core.internal.Bundles - 	Entry: C:\Users\SHANMUKHA GANESH\.p2\pool\plugins\org.eclipse.m2e.maven.runtime_3.9.1101.20251020-1549\jars\error_prone_annotations-2.38.0.jar
2026-03-13 07:51:12,410 [Worker-12: Launching mavenrun-68e171a2-8b3f-4eef-be15-3fac0492ceae] INFO  o.eclipse.m2e.core.internal.Bundles - 	Entry: C:\Users\SHANMUKHA GANESH\.p2\pool\plugins\org.eclipse.m2e.maven.runtime_3.9.1101.20251020-1549\jars\gson-2.13.1.jar
2026-03-13 07:51:12,411 [Worker-12: Launching mavenrun-68e171a2-8b3f-4eef-be15-3fac0492ceae] INFO  o.eclipse.m2e.core.internal.Bundles - 	Entry: C:\Users\SHANMUKHA GANESH\.p2\pool\plugins\org.eclipse.m2e.maven.runtime_3.9.1101.20251020-1549\jars\guice-5.1.0-classes.jar
2026-03-13 07:51:12,412 [Worker-12: Launching mavenrun-68e171a2-8b3f-4eef-be15-3fac0492ceae] INFO  o.eclipse.m2e.core.internal.Bundles - 	Entry: C:\Users\SHANMUKHA GANESH\.p2\pool\plugins\org.eclipse.m2e.maven.runtime_3.9.1101.20251020-1549\jars\httpclient-4.5.14.jar
2026-03-13 07:51:12,413 [Worker-12: Launching mavenrun-68e171a2-8b3f-4eef-be15-3fac0492ceae] INFO  o.eclipse.m2e.core.internal.Bundles - 	Entry: C:\Users\SHANMUKHA GANESH\.p2\pool\plugins\org.eclipse.m2e.maven.runtime_3.9.1101.20251020-1549\jars\httpcore-4.4.16.jar
2026-03-13 07:51:12,414 [Worker-12: Launching mavenrun-68e171a2-8b3f-4eef-be15-3fac0492ceae] INFO  o.eclipse.m2e.core.internal.Bundles - 	Entry: C:\Users\SHANMUKHA GANESH\.p2\pool\plugins\org.eclipse.m2e.maven.runtime_3.9.1101.20251020-1549\jars\jansi-2.4.2.jar
2026-03-13 07:51:12,415 [Worker-12: Launching mavenrun-68e171a2-8b3f-4eef-be15-3fac0492ceae] INFO  o.eclipse.m2e.core.internal.Bundles - 	Entry: C:\Users\SHANMUKHA GANESH\.p2\pool\plugins\org.eclipse.m2e.maven.runtime_3.9.1101.20251020-1549\jars\jcl-over-slf4j-1.7.36.jar
2026-03-13 07:51:12,416 [Worker-12: Launching mavenrun-68e171a2-8b3f-4eef-be15-3fac0492ceae] INFO  o.eclipse.m2e.core.internal.Bundles - 	Entry: C:\Users\SHANMUKHA GANESH\.p2\pool\plugins\org.eclipse.m2e.maven.runtime_3.9.1101.20251020-1549\jars\maven-artifact-3.9.11.jar
2026-03-13 07:51:12,417 [Worker-12: Launching mavenrun-68e171a2-8b3f-4eef-be15-3fac0492ceae] INFO  o.eclipse.m2e.core.internal.Bundles - 	Entry: C:\Users\SHANMUKHA GANESH\.p2\pool\plugins\org.eclipse.m2e.maven.runtime_3.9.1101.20251020-1549\jars\maven-builder-support-3.9.11.jar
2026-03-13 07:51:12,419 [Worker-12: Launching mavenrun-68e171a2-8b3f-4eef-be15-3fac0492ceae] INFO  o.eclipse.m2e.core.internal.Bundles - 	Entry: C:\Users\SHANMUKHA GANESH\.p2\pool\plugins\org.eclipse.m2e.maven.runtime_3.9.1101.20251020-1549\jars\maven-compat-3.9.11.jar
2026-03-13 07:51:12,420 [Worker-12: Launching mavenrun-68e171a2-8b3f-4eef-be15-3fac0492ceae] INFO  o.eclipse.m2e.core.internal.Bundles - 	Entry: C:\Users\SHANMUKHA GANESH\.p2\pool\plugins\org.eclipse.m2e.maven.runtime_3.9.1101.20251020-1549\jars\maven-core-3.9.11.jar
2026-03-13 07:51:12,422 [Worker-12: Launching mavenrun-68e171a2-8b3f-4eef-be15-3fac0492ceae] INFO  o.eclipse.m2e.core.internal.Bundles - 	Entry: C:\Users\SHANMUKHA GANESH\.p2\pool\plugins\org.eclipse.m2e.maven.runtime_3.9.1101.20251020-1549\jars\maven-embedder-3.9.11.jar
2026-03-13 07:51:12,423 [Worker-12: Launching mavenrun-68e171a2-8b3f-4eef-be15-3fac0492ceae] INFO  o.eclipse.m2e.core.internal.Bundles - 	Entry: C:\Users\SHANMUKHA GANESH\.p2\pool\plugins\org.eclipse.m2e.maven.runtime_3.9.1101.20251020-1549\jars\maven-model-3.9.11.jar
2026-03-13 07:51:12,425 [Worker-12: Launching mavenrun-68e171a2-8b3f-4eef-be15-3fac0492ceae] INFO  o.eclipse.m2e.core.internal.Bundles - 	Entry: C:\Users\SHANMUKHA GANESH\.p2\pool\plugins\org.eclipse.m2e.maven.runtime_3.9.1101.20251020-1549\jars\maven-model-builder-3.9.11.jar
2026-03-13 07:51:12,427 [Worker-12: Launching mavenrun-68e171a2-8b3f-4eef-be15-3fac0492ceae] INFO  o.eclipse.m2e.core.internal.Bundles - 	Entry: C:\Users\SHANMUKHA GANESH\.p2\pool\plugins\org.eclipse.m2e.maven.runtime_3.9.1101.20251020-1549\jars\maven-plugin-api-3.9.11.jar
2026-03-13 07:51:12,428 [Worker-12: Launching mavenrun-68e171a2-8b3f-4eef-be15-3fac0492ceae] INFO  o.eclipse.m2e.core.internal.Bundles - 	Entry: C:\Users\SHANMUKHA GANESH\.p2\pool\plugins\org.eclipse.m2e.maven.runtime_3.9.1101.20251020-1549\jars\maven-repository-metadata-3.9.11.jar
2026-03-13 07:51:12,429 [Worker-12: Launching mavenrun-68e171a2-8b3f-4eef-be15-3fac0492ceae] INFO  o.eclipse.m2e.core.internal.Bundles - 	Entry: C:\Users\SHANMUKHA GANESH\.p2\pool\plugins\org.eclipse.m2e.maven.runtime_3.9.1101.20251020-1549\jars\maven-resolver-api-1.9.24.jar
2026-03-13 07:51:12,430 [Worker-12: Launching mavenrun-68e171a2-8b3f-4eef-be15-3fac0492ceae] INFO  o.eclipse.m2e.core.internal.Bundles - 	Entry: C:\Users\SHANMUKHA GANESH\.p2\pool\plugins\org.eclipse.m2e.maven.runtime_3.9.1101.20251020-1549\jars\maven-resolver-connector-basic-1.9.24.jar
2026-03-13 07:51:12,430 [Worker-12: Launching mavenrun-68e171a2-8b3f-4eef-be15-3fac0492ceae] INFO  o.eclipse.m2e.core.internal.Bundles - 	Entry: C:\Users\SHANMUKHA GANESH\.p2\pool\plugins\org.eclipse.m2e.maven.runtime_3.9.1101.20251020-1549\jars\maven-resolver-impl-1.9.24.jar
2026-03-13 07:51:12,431 [Worker-12: Launching mavenrun-68e171a2-8b3f-4eef-be15-3fac0492ceae] INFO  o.eclipse.m2e.core.internal.Bundles - 	Entry: C:\Users\SHANMUKHA GANESH\.p2\pool\plugins\org.eclipse.m2e.maven.runtime_3.9.1101.20251020-1549\jars\maven-resolver-named-locks-1.9.24.jar
2026-03-13 07:51:12,431 [Worker-12: Launching mavenrun-68e171a2-8b3f-4eef-be15-3fac0492ceae] INFO  o.eclipse.m2e.core.internal.Bundles - 	Entry: C:\Users\SHANMUKHA GANESH\.p2\pool\plugins\org.eclipse.m2e.maven.runtime_3.9.1101.20251020-1549\jars\maven-resolver-provider-3.9.11.jar
2026-03-13 07:51:12,431 [Worker-12: Launching mavenrun-68e171a2-8b3f-4eef-be15-3fac0492ceae] INFO  o.eclipse.m2e.core.internal.Bundles - 	Entry: C:\Users\SHANMUKHA GANESH\.p2\pool\plugins\org.eclipse.m2e.maven.runtime_3.9.1101.20251020-1549\jars\maven-resolver-spi-1.9.24.jar
2026-03-13 07:51:12,431 [Worker-12: Launching mavenrun-68e171a2-8b3f-4eef-be15-3fac0492ceae] INFO  o.eclipse.m2e.core.internal.Bundles - 	Entry: C:\Users\SHANMUKHA GANESH\.p2\pool\plugins\org.eclipse.m2e.maven.runtime_3.9.1101.20251020-1549\jars\maven-resolver-transport-file-1.9.24.jar
2026-03-13 07:51:12,431 [Worker-12: Launching mavenrun-68e171a2-8b3f-4eef-be15-3fac0492ceae] INFO  o.eclipse.m2e.core.internal.Bundles - 	Entry: C:\Users\SHANMUKHA GANESH\.p2\pool\plugins\org.eclipse.m2e.maven.runtime_3.9.1101.20251020-1549\jars\maven-resolver-transport-http-1.9.24.jar
2026-03-13 07:51:12,432 [Worker-12: Launching mavenrun-68e171a2-8b3f-4eef-be15-3fac0492ceae] INFO  o.eclipse.m2e.core.internal.Bundles - 	Entry: C:\Users\SHANMUKHA GANESH\.p2\pool\plugins\org.eclipse.m2e.maven.runtime_3.9.1101.20251020-1549\jars\maven-resolver-transport-wagon-1.9.24.jar
2026-03-13 07:51:12,432 [Worker-12: Launching mavenrun-68e171a2-8b3f-4eef-be15-3fac0492ceae] INFO  o.eclipse.m2e.core.internal.Bundles - 	Entry: C:\Users\SHANMUKHA GANESH\.p2\pool\plugins\org.eclipse.m2e.maven.runtime_3.9.1101.20251020-1549\jars\maven-resolver-util-1.9.24.jar
2026-03-13 07:51:12,432 [Worker-12: Launching mavenrun-68e171a2-8b3f-4eef-be15-3fac0492ceae] INFO  o.eclipse.m2e.core.internal.Bundles - 	Entry: C:\Users\SHANMUKHA GANESH\.p2\pool\plugins\org.eclipse.m2e.maven.runtime_3.9.1101.20251020-1549\jars\maven-settings-3.9.11.jar
2026-03-13 07:51:12,432 [Worker-12: Launching mavenrun-68e171a2-8b3f-4eef-be15-3fac0492ceae] INFO  o.eclipse.m2e.core.internal.Bundles - 	Entry: C:\Users\SHANMUKHA GANESH\.p2\pool\plugins\org.eclipse.m2e.maven.runtime_3.9.1101.20251020-1549\jars\maven-settings-builder-3.9.11.jar
2026-03-13 07:51:12,432 [Worker-12: Launching mavenrun-68e171a2-8b3f-4eef-be15-3fac0492ceae] INFO  o.eclipse.m2e.core.internal.Bundles - 	Entry: C:\Users\SHANMUKHA GANESH\.p2\pool\plugins\org.eclipse.m2e.maven.runtime_3.9.1101.20251020-1549\jars\maven-shared-utils-3.4.2.jar
2026-03-13 07:51:12,432 [Worker-12: Launching mavenrun-68e171a2-8b3f-4eef-be15-3fac0492ceae] INFO  o.eclipse.m2e.core.internal.Bundles - 	Entry: C:\Users\SHANMUKHA GANESH\.p2\pool\plugins\org.eclipse.m2e.maven.runtime_3.9.1101.20251020-1549\jars\org.eclipse.sisu.inject-0.9.0.M4.jar
2026-03-13 07:51:12,432 [Worker-12: Launching mavenrun-68e171a2-8b3f-4eef-be15-3fac0492ceae] INFO  o.eclipse.m2e.core.internal.Bundles - 	Entry: C:\Users\SHANMUKHA GANESH\.p2\pool\plugins\org.eclipse.m2e.maven.runtime_3.9.1101.20251020-1549\jars\org.eclipse.sisu.plexus-0.9.0.M4.jar
2026-03-13 07:51:12,433 [Worker-12: Launching mavenrun-68e171a2-8b3f-4eef-be15-3fac0492ceae] INFO  o.eclipse.m2e.core.internal.Bundles - 	Entry: C:\Users\SHANMUKHA GANESH\.p2\pool\plugins\org.eclipse.m2e.maven.runtime_3.9.1101.20251020-1549\jars\plexus-build-api-0.0.7.jar
2026-03-13 07:51:12,433 [Worker-12: Launching mavenrun-68e171a2-8b3f-4eef-be15-3fac0492ceae] INFO  o.eclipse.m2e.core.internal.Bundles - 	Entry: C:\Users\SHANMUKHA GANESH\.p2\pool\plugins\org.eclipse.m2e.maven.runtime_3.9.1101.20251020-1549\jars\plexus-build-api-1.2.0.jar
2026-03-13 07:51:12,433 [Worker-12: Launching mavenrun-68e171a2-8b3f-4eef-be15-3fac0492ceae] INFO  o.eclipse.m2e.core.internal.Bundles - 	Entry: C:\Users\SHANMUKHA GANESH\.p2\pool\plugins\org.eclipse.m2e.maven.runtime_3.9.1101.20251020-1549\jars\plexus-cipher-2.0.jar
2026-03-13 07:51:12,433 [Worker-12: Launching mavenrun-68e171a2-8b3f-4eef-be15-3fac0492ceae] INFO  o.eclipse.m2e.core.internal.Bundles - 	Entry: C:\Users\SHANMUKHA GANESH\.p2\pool\plugins\org.eclipse.m2e.maven.runtime_3.9.1101.20251020-1549\jars\plexus-classworlds-2.9.0.jar
2026-03-13 07:51:12,433 [Worker-12: Launching mavenrun-68e171a2-8b3f-4eef-be15-3fac0492ceae] INFO  o.eclipse.m2e.core.internal.Bundles - 	Entry: C:\Users\SHANMUKHA GANESH\.p2\pool\plugins\org.eclipse.m2e.maven.runtime_3.9.1101.20251020-1549\jars\plexus-component-annotations-2.2.0.jar
2026-03-13 07:51:12,433 [Worker-12: Launching mavenrun-68e171a2-8b3f-4eef-be15-3fac0492ceae] INFO  o.eclipse.m2e.core.internal.Bundles - 	Entry: C:\Users\SHANMUKHA GANESH\.p2\pool\plugins\org.eclipse.m2e.maven.runtime_3.9.1101.20251020-1549\jars\plexus-interpolation-1.28.jar
2026-03-13 07:51:12,433 [Worker-12: Launching mavenrun-68e171a2-8b3f-4eef-be15-3fac0492ceae] INFO  o.eclipse.m2e.core.internal.Bundles - 	Entry: C:\Users\SHANMUKHA GANESH\.p2\pool\plugins\org.eclipse.m2e.maven.runtime_3.9.1101.20251020-1549\jars\plexus-sec-dispatcher-2.0.jar
2026-03-13 07:51:12,433 [Worker-12: Launching mavenrun-68e171a2-8b3f-4eef-be15-3fac0492ceae] INFO  o.eclipse.m2e.core.internal.Bundles - 	Entry: C:\Users\SHANMUKHA GANESH\.p2\pool\plugins\org.eclipse.m2e.maven.runtime_3.9.1101.20251020-1549\jars\plexus-utils-3.6.0.jar
2026-03-13 07:51:12,434 [Worker-12: Launching mavenrun-68e171a2-8b3f-4eef-be15-3fac0492ceae] INFO  o.eclipse.m2e.core.internal.Bundles - 	Entry: C:\Users\SHANMUKHA GANESH\.p2\pool\plugins\org.eclipse.m2e.maven.runtime_3.9.1101.20251020-1549\jars\wagon-file-3.5.3.jar
2026-03-13 07:51:12,434 [Worker-12: Launching mavenrun-68e171a2-8b3f-4eef-be15-3fac0492ceae] INFO  o.eclipse.m2e.core.internal.Bundles - 	Entry: C:\Users\SHANMUKHA GANESH\.p2\pool\plugins\org.eclipse.m2e.maven.runtime_3.9.1101.20251020-1549\jars\wagon-http-3.5.3.jar
2026-03-13 07:51:12,434 [Worker-12: Launching mavenrun-68e171a2-8b3f-4eef-be15-3fac0492ceae] INFO  o.eclipse.m2e.core.internal.Bundles - 	Entry: C:\Users\SHANMUKHA GANESH\.p2\pool\plugins\org.eclipse.m2e.maven.runtime_3.9.1101.20251020-1549\jars\wagon-http-shared-3.5.3.jar
2026-03-13 07:51:12,434 [Worker-12: Launching mavenrun-68e171a2-8b3f-4eef-be15-3fac0492ceae] INFO  o.eclipse.m2e.core.internal.Bundles - 	Entry: C:\Users\SHANMUKHA GANESH\.p2\pool\plugins\org.eclipse.m2e.maven.runtime_3.9.1101.20251020-1549\jars\wagon-provider-api-3.5.3.jar
2026-03-13 07:51:12,434 [Worker-12: Launching mavenrun-68e171a2-8b3f-4eef-be15-3fac0492ceae] INFO  o.eclipse.m2e.core.internal.Bundles - getClasspathEntries(Bundle=com.google.guava_33.5.0.jre [18])
2026-03-13 07:51:12,435 [Worker-12: Launching mavenrun-68e171a2-8b3f-4eef-be15-3fac0492ceae] INFO  o.eclipse.m2e.core.internal.Bundles - 	Entry: C:\Users\SHANMUKHA GANESH\.p2\pool\plugins\com.google.guava_33.5.0.jre.jar
2026-03-13 07:51:12,435 [Worker-12: Launching mavenrun-68e171a2-8b3f-4eef-be15-3fac0492ceae] INFO  o.eclipse.m2e.core.internal.Bundles - getClasspathEntries(Bundle=slf4j.api_2.0.17 [1013])
2026-03-13 07:51:12,435 [Worker-12: Launching mavenrun-68e171a2-8b3f-4eef-be15-3fac0492ceae] INFO  o.eclipse.m2e.core.internal.Bundles - 	Entry: C:\Users\SHANMUKHA GANESH\.p2\pool\plugins\slf4j.api_2.0.17.jar
2026-03-13 07:51:12,435 [Worker-12: Launching mavenrun-68e171a2-8b3f-4eef-be15-3fac0492ceae] INFO  o.eclipse.m2e.core.internal.Bundles - getClasspathEntries(Bundle=jakarta.inject.jakarta.inject-api_1.0.5 [35])
2026-03-13 07:51:12,435 [Worker-12: Launching mavenrun-68e171a2-8b3f-4eef-be15-3fac0492ceae] INFO  o.eclipse.m2e.core.internal.Bundles - 	Entry: C:\Users\SHANMUKHA GANESH\.p2\pool\plugins\jakarta.inject.jakarta.inject-api_1.0.5.jar
2026-03-13 07:51:12,436 [Worker-12: Launching mavenrun-68e171a2-8b3f-4eef-be15-3fac0492ceae] INFO  o.eclipse.m2e.core.internal.Bundles - getClasspathEntries(Bundle=jakarta.annotation-api_1.3.5 [31])
2026-03-13 07:51:12,436 [Worker-12: Launching mavenrun-68e171a2-8b3f-4eef-be15-3fac0492ceae] INFO  o.eclipse.m2e.core.internal.Bundles - 	Entry: C:\Users\SHANMUKHA GANESH\.p2\pool\plugins\jakarta.annotation-api_1.3.5.jar
2026-03-13 07:51:12,436 [Worker-12: Launching mavenrun-68e171a2-8b3f-4eef-be15-3fac0492ceae] INFO  o.eclipse.m2e.core.internal.Bundles - getClasspathEntries(Bundle=org.apache.commons.cli_1.11.0 [82])
2026-03-13 07:51:12,436 [Worker-12: Launching mavenrun-68e171a2-8b3f-4eef-be15-3fac0492ceae] INFO  o.eclipse.m2e.core.internal.Bundles - 	Entry: C:\Users\SHANMUKHA GANESH\.p2\pool\plugins\org.apache.commons.cli_1.11.0.jar
2026-03-13 07:51:12,436 [Worker-12: Launching mavenrun-68e171a2-8b3f-4eef-be15-3fac0492ceae] INFO  o.eclipse.m2e.core.internal.Bundles - getClasspathEntries(Bundle=org.apache.commons.commons-codec_1.21.0 [84])
2026-03-13 07:51:12,437 [Worker-12: Launching mavenrun-68e171a2-8b3f-4eef-be15-3fac0492ceae] INFO  o.eclipse.m2e.core.internal.Bundles - 	Entry: C:\Users\SHANMUKHA GANESH\.p2\pool\plugins\org.apache.commons.commons-codec_1.21.0.jar
2026-03-13 07:51:12,437 [Worker-12: Launching mavenrun-68e171a2-8b3f-4eef-be15-3fac0492ceae] INFO  o.eclipse.m2e.core.internal.Bundles - getClasspathEntries(Bundle=com.google.guava.failureaccess_1.0.3 [19])
2026-03-13 07:51:12,439 [Worker-12: Launching mavenrun-68e171a2-8b3f-4eef-be15-3fac0492ceae] INFO  o.eclipse.m2e.core.internal.Bundles - 	Entry: C:\Users\SHANMUKHA GANESH\.p2\pool\plugins\com.google.guava.failureaccess_1.0.3.jar
2026-03-13 07:51:12,443 [Worker-12: Launching mavenrun-68e171a2-8b3f-4eef-be15-3fac0492ceae] INFO  o.e.m.i.launch.MavenLaunchDelegate - Run build in "C:\Users\SHANMU~1\AppData\Local\Temp\m2e-archetypeGenerator3432531214224906454":
2026-03-13 07:51:12,444 [Worker-12: Launching mavenrun-68e171a2-8b3f-4eef-be15-3fac0492ceae] INFO  o.e.m.i.launch.MavenLaunchDelegate -  mvn  -DarchetypeGroupId=org.apache.maven.archetypes -DarchetypeArtifactId=maven-archetype-quickstart -DarchetypeVersion=1.1 -DgroupId=com.klu -DartifactId=fsad.exam -Dversion=0.0.1-SNAPSHOT -Dpackage=com.klu.fsad.exam -DoutputDirectory="C:\Users\SHANMUKHA GANESH\eclipse-workspace\InsemLab" -Dstyle.color=always -U archetype:generate
2026-03-13 07:51:33,408 [Worker-4: Creating maven-archetype-quickstart] INFO  o.e.m.c.i.p.ProjectConfigurationManager - Collecting project info '/pom.xml' C:\Users\SHANMUKHA GANESH\eclipse-workspace\InsemLab\fsad.exam\pom.xml
2026-03-13 07:51:35,664 [Worker-4: Creating maven-archetype-quickstart] INFO  o.e.m.c.i.l.LifecycleMappingFactory - Using org.eclipse.m2e.jdt.JarLifecycleMapping lifecycle mapping for MavenProject: com.klu:fsad.exam:0.0.1-SNAPSHOT @ C:\Users\SHANMUKHA GANESH\eclipse-workspace\InsemLab\fsad.exam\pom.xml.
2026-03-13 07:51:37,563 [Worker-4: Creating maven-archetype-quickstart] INFO  o.e.m.j.i.AbstractJavaProjectConfigurator - Adding source folder /fsad.exam/src/main/java
2026-03-13 07:51:37,567 [Worker-4: Creating maven-archetype-quickstart] INFO  o.e.m.j.i.AbstractJavaProjectConfigurator - Adding resource folder /fsad.exam/src/main/resources
2026-03-13 07:51:37,578 [Worker-4: Creating maven-archetype-quickstart] INFO  o.e.m.j.i.AbstractJavaProjectConfigurator - Adding source folder /fsad.exam/src/test/java
2026-03-13 07:51:37,579 [Worker-4: Creating maven-archetype-quickstart] INFO  o.e.m.j.i.AbstractJavaProjectConfigurator - Adding resource folder /fsad.exam/src/test/resources
2026-03-13 07:51:37,739 [Worker-4: Creating maven-archetype-quickstart] WARN  o.apache.maven.project.MavenProject - Direct modification of compileSourceRoots through clear() is deprecated and will not work in Maven 4.0.0. Please use the add/remove methods instead. If you're using a plugin that causes this warning, please upgrade to the latest version and report an issue if the warning persists. To disable these warnings, set -Dmaven.project.sourceRoots.warningsDisabled=true on the command line, in the .mvn/maven.config file, or in project POM properties.
2026-03-13 07:51:37,740 [Worker-4: Creating maven-archetype-quickstart] WARN  o.apache.maven.project.MavenProject - Direct modification of compileSourceRoots through add() is deprecated and will not work in Maven 4.0.0. Please use the add/remove methods instead. If you're using a plugin that causes this warning, please upgrade to the latest version and report an issue if the warning persists. To disable these warnings, set -Dmaven.project.sourceRoots.warningsDisabled=true on the command line, in the .mvn/maven.config file, or in project POM properties.
2026-03-13 07:51:37,741 [Worker-4: Creating maven-archetype-quickstart] WARN  o.apache.maven.project.MavenProject - Direct modification of testCompileSourceRoots through clear() is deprecated and will not work in Maven 4.0.0. Please use the add/remove methods instead. If you're using a plugin that causes this warning, please upgrade to the latest version and report an issue if the warning persists. To disable these warnings, set -Dmaven.project.sourceRoots.warningsDisabled=true on the command line, in the .mvn/maven.config file, or in project POM properties.
2026-03-13 07:51:37,742 [Worker-4: Creating maven-archetype-quickstart] WARN  o.apache.maven.project.MavenProject - Direct modification of testCompileSourceRoots through add() is deprecated and will not work in Maven 4.0.0. Please use the add/remove methods instead. If you're using a plugin that causes this warning, please upgrade to the latest version and report an issue if the warning persists. To disable these warnings, set -Dmaven.project.sourceRoots.warningsDisabled=true on the command line, in the .mvn/maven.config file, or in project POM properties.
2026-03-13 07:51:37,767 [Worker-4: Creating maven-archetype-quickstart] INFO  o.e.m.c.i.p.ProjectConfigurationManager - Imported and configured 1 project(s) in 4 sec
2026-03-13 07:51:38,817 [Worker-23: Building] INFO  o.a.m.s.f.DefaultMavenResourcesFiltering - skip non existing resourceDirectory C:\Users\SHANMUKHA GANESH\eclipse-workspace\InsemLab\fsad.exam\src\main\resources
2026-03-13 07:51:38,821 [Worker-23: Building] INFO  o.a.m.s.f.DefaultMavenResourcesFiltering - skip non existing resourceDirectory C:\Users\SHANMUKHA GANESH\eclipse-workspace\InsemLab\fsad.exam\src\test\resources
2026-03-13 07:51:39,279 [Worker-23: Building] WARN  o.apache.maven.project.MavenProject - Direct modification of compileSourceRoots through clear() is deprecated and will not work in Maven 4.0.0. Please use the add/remove methods instead. If you're using a plugin that causes this warning, please upgrade to the latest version and report an issue if the warning persists. To disable these warnings, set -Dmaven.project.sourceRoots.warningsDisabled=true on the command line, in the .mvn/maven.config file, or in project POM properties.
2026-03-13 07:51:39,280 [Worker-23: Building] WARN  o.apache.maven.project.MavenProject - Direct modification of compileSourceRoots through add() is deprecated and will not work in Maven 4.0.0. Please use the add/remove methods instead. If you're using a plugin that causes this warning, please upgrade to the latest version and report an issue if the warning persists. To disable these warnings, set -Dmaven.project.sourceRoots.warningsDisabled=true on the command line, in the .mvn/maven.config file, or in project POM properties.
2026-03-13 07:51:39,281 [Worker-23: Building] WARN  o.apache.maven.project.MavenProject - Direct modification of testCompileSourceRoots through clear() is deprecated and will not work in Maven 4.0.0. Please use the add/remove methods instead. If you're using a plugin that causes this warning, please upgrade to the latest version and report an issue if the warning persists. To disable these warnings, set -Dmaven.project.sourceRoots.warningsDisabled=true on the command line, in the .mvn/maven.config file, or in project POM properties.
2026-03-13 07:51:39,282 [Worker-23: Building] WARN  o.apache.maven.project.MavenProject - Direct modification of testCompileSourceRoots through add() is deprecated and will not work in Maven 4.0.0. Please use the add/remove methods instead. If you're using a plugin that causes this warning, please upgrade to the latest version and report an issue if the warning persists. To disable these warnings, set -Dmaven.project.sourceRoots.warningsDisabled=true on the command line, in the .mvn/maven.config file, or in project POM properties.
2026-03-13 07:52:22,880 [Worker-12: Building] INFO  o.a.m.s.f.DefaultMavenResourcesFiltering - skip non existing resourceDirectory C:\Users\SHANMUKHA GANESH\eclipse-workspace\InsemLab\fsad.exam\src\main\resources
2026-03-13 07:52:22,882 [Worker-12: Building] INFO  o.a.m.s.f.DefaultMavenResourcesFiltering - skip non existing resourceDirectory C:\Users\SHANMUKHA GANESH\eclipse-workspace\InsemLab\fsad.exam\src\test\resources
2026-03-13 07:52:22,896 [Worker-12: Building] WARN  o.apache.maven.project.MavenProject - Direct modification of compileSourceRoots through clear() is deprecated and will not work in Maven 4.0.0. Please use the add/remove methods instead. If you're using a plugin that causes this warning, please upgrade to the latest version and report an issue if the warning persists. To disable these warnings, set -Dmaven.project.sourceRoots.warningsDisabled=true on the command line, in the .mvn/maven.config file, or in project POM properties.
2026-03-13 07:52:22,897 [Worker-12: Building] WARN  o.apache.maven.project.MavenProject - Direct modification of compileSourceRoots through add() is deprecated and will not work in Maven 4.0.0. Please use the add/remove methods instead. If you're using a plugin that causes this warning, please upgrade to the latest version and report an issue if the warning persists. To disable these warnings, set -Dmaven.project.sourceRoots.warningsDisabled=true on the command line, in the .mvn/maven.config file, or in project POM properties.
2026-03-13 07:52:22,897 [Worker-12: Building] WARN  o.apache.maven.project.MavenProject - Direct modification of testCompileSourceRoots through clear() is deprecated and will not work in Maven 4.0.0. Please use the add/remove methods instead. If you're using a plugin that causes this warning, please upgrade to the latest version and report an issue if the warning persists. To disable these warnings, set -Dmaven.project.sourceRoots.warningsDisabled=true on the command line, in the .mvn/maven.config file, or in project POM properties.
2026-03-13 07:52:22,899 [Worker-12: Building] WARN  o.apache.maven.project.MavenProject - Direct modification of testCompileSourceRoots through add() is deprecated and will not work in Maven 4.0.0. Please use the add/remove methods instead. If you're using a plugin that causes this warning, please upgrade to the latest version and report an issue if the warning persists. To disable these warnings, set -Dmaven.project.sourceRoots.warningsDisabled=true on the command line, in the .mvn/maven.config file, or in project POM properties.
2026-03-13 07:52:36,913 [Worker-33: Building] INFO  o.a.m.s.f.DefaultMavenResourcesFiltering - skip non existing resourceDirectory C:\Users\SHANMUKHA GANESH\eclipse-workspace\InsemLab\fsad.exam\src\main\resources
2026-03-13 07:52:36,915 [Worker-33: Building] INFO  o.a.m.s.f.DefaultMavenResourcesFiltering - skip non existing resourceDirectory C:\Users\SHANMUKHA GANESH\eclipse-workspace\InsemLab\fsad.exam\src\test\resources
2026-03-13 07:52:36,917 [Worker-33: Building] WARN  o.apache.maven.project.MavenProject - Direct modification of compileSourceRoots through clear() is deprecated and will not work in Maven 4.0.0. Please use the add/remove methods instead. If you're using a plugin that causes this warning, please upgrade to the latest version and report an issue if the warning persists. To disable these warnings, set -Dmaven.project.sourceRoots.warningsDisabled=true on the command line, in the .mvn/maven.config file, or in project POM properties.
2026-03-13 07:52:36,918 [Worker-33: Building] WARN  o.apache.maven.project.MavenProject - Direct modification of compileSourceRoots through add() is deprecated and will not work in Maven 4.0.0. Please use the add/remove methods instead. If you're using a plugin that causes this warning, please upgrade to the latest version and report an issue if the warning persists. To disable these warnings, set -Dmaven.project.sourceRoots.warningsDisabled=true on the command line, in the .mvn/maven.config file, or in project POM properties.
2026-03-13 07:52:36,919 [Worker-33: Building] WARN  o.apache.maven.project.MavenProject - Direct modification of testCompileSourceRoots through clear() is deprecated and will not work in Maven 4.0.0. Please use the add/remove methods instead. If you're using a plugin that causes this warning, please upgrade to the latest version and report an issue if the warning persists. To disable these warnings, set -Dmaven.project.sourceRoots.warningsDisabled=true on the command line, in the .mvn/maven.config file, or in project POM properties.
2026-03-13 07:52:36,921 [Worker-33: Building] WARN  o.apache.maven.project.MavenProject - Direct modification of testCompileSourceRoots through add() is deprecated and will not work in Maven 4.0.0. Please use the add/remove methods instead. If you're using a plugin that causes this warning, please upgrade to the latest version and report an issue if the warning persists. To disable these warnings, set -Dmaven.project.sourceRoots.warningsDisabled=true on the command line, in the .mvn/maven.config file, or in project POM properties.
2026-03-13 07:53:00,989 [Worker-23: Building] INFO  o.a.m.s.f.DefaultMavenResourcesFiltering - skip non existing resourceDirectory C:\Users\SHANMUKHA GANESH\eclipse-workspace\InsemLab\fsad.exam\src\main\resources
2026-03-13 07:53:00,991 [Worker-23: Building] INFO  o.a.m.s.f.DefaultMavenResourcesFiltering - skip non existing resourceDirectory C:\Users\SHANMUKHA GANESH\eclipse-workspace\InsemLab\fsad.exam\src\test\resources
2026-03-13 07:53:00,992 [Worker-23: Building] WARN  o.apache.maven.project.MavenProject - Direct modification of compileSourceRoots through clear() is deprecated and will not work in Maven 4.0.0. Please use the add/remove methods instead. If you're using a plugin that causes this warning, please upgrade to the latest version and report an issue if the warning persists. To disable these warnings, set -Dmaven.project.sourceRoots.warningsDisabled=true on the command line, in the .mvn/maven.config file, or in project POM properties.
2026-03-13 07:53:00,993 [Worker-23: Building] WARN  o.apache.maven.project.MavenProject - Direct modification of compileSourceRoots through add() is deprecated and will not work in Maven 4.0.0. Please use the add/remove methods instead. If you're using a plugin that causes this warning, please upgrade to the latest version and report an issue if the warning persists. To disable these warnings, set -Dmaven.project.sourceRoots.warningsDisabled=true on the command line, in the .mvn/maven.config file, or in project POM properties.
2026-03-13 07:53:00,995 [Worker-23: Building] WARN  o.apache.maven.project.MavenProject - Direct modification of testCompileSourceRoots through clear() is deprecated and will not work in Maven 4.0.0. Please use the add/remove methods instead. If you're using a plugin that causes this warning, please upgrade to the latest version and report an issue if the warning persists. To disable these warnings, set -Dmaven.project.sourceRoots.warningsDisabled=true on the command line, in the .mvn/maven.config file, or in project POM properties.
2026-03-13 07:53:00,996 [Worker-23: Building] WARN  o.apache.maven.project.MavenProject - Direct modification of testCompileSourceRoots through add() is deprecated and will not work in Maven 4.0.0. Please use the add/remove methods instead. If you're using a plugin that causes this warning, please upgrade to the latest version and report an issue if the warning persists. To disable these warnings, set -Dmaven.project.sourceRoots.warningsDisabled=true on the command line, in the .mvn/maven.config file, or in project POM properties.
2026-03-13 07:53:17,833 [Worker-33: Building] INFO  o.a.m.s.f.DefaultMavenResourcesFiltering - Copying 0 resource from src\main\resources to target\classes
2026-03-13 07:53:17,837 [Worker-33: Building] INFO  o.a.m.s.f.DefaultMavenResourcesFiltering - Copying 0 resource from src\test\resources to target\test-classes
2026-03-13 07:53:17,859 [Worker-33: Building] WARN  o.apache.maven.project.MavenProject - Direct modification of compileSourceRoots through clear() is deprecated and will not work in Maven 4.0.0. Please use the add/remove methods instead. If you're using a plugin that causes this warning, please upgrade to the latest version and report an issue if the warning persists. To disable these warnings, set -Dmaven.project.sourceRoots.warningsDisabled=true on the command line, in the .mvn/maven.config file, or in project POM properties.
2026-03-13 07:53:17,861 [Worker-33: Building] WARN  o.apache.maven.project.MavenProject - Direct modification of compileSourceRoots through add() is deprecated and will not work in Maven 4.0.0. Please use the add/remove methods instead. If you're using a plugin that causes this warning, please upgrade to the latest version and report an issue if the warning persists. To disable these warnings, set -Dmaven.project.sourceRoots.warningsDisabled=true on the command line, in the .mvn/maven.config file, or in project POM properties.
2026-03-13 07:53:17,863 [Worker-33: Building] WARN  o.apache.maven.project.MavenProject - Direct modification of testCompileSourceRoots through clear() is deprecated and will not work in Maven 4.0.0. Please use the add/remove methods instead. If you're using a plugin that causes this warning, please upgrade to the latest version and report an issue if the warning persists. To disable these warnings, set -Dmaven.project.sourceRoots.warningsDisabled=true on the command line, in the .mvn/maven.config file, or in project POM properties.
2026-03-13 07:53:17,865 [Worker-33: Building] WARN  o.apache.maven.project.MavenProject - Direct modification of testCompileSourceRoots through add() is deprecated and will not work in Maven 4.0.0. Please use the add/remove methods instead. If you're using a plugin that causes this warning, please upgrade to the latest version and report an issue if the warning persists. To disable these warnings, set -Dmaven.project.sourceRoots.warningsDisabled=true on the command line, in the .mvn/maven.config file, or in project POM properties.
2026-03-13 07:54:22,358 [Worker-35: Building] INFO  o.a.m.s.f.DefaultMavenResourcesFiltering - Copying 0 resource from src\main\resources to target\classes
2026-03-13 07:54:22,360 [Worker-35: Building] INFO  o.a.m.s.f.DefaultMavenResourcesFiltering - Copying 0 resource from src\test\resources to target\test-classes
2026-03-13 07:54:22,361 [Worker-35: Building] WARN  o.apache.maven.project.MavenProject - Direct modification of compileSourceRoots through clear() is deprecated and will not work in Maven 4.0.0. Please use the add/remove methods instead. If you're using a plugin that causes this warning, please upgrade to the latest version and report an issue if the warning persists. To disable these warnings, set -Dmaven.project.sourceRoots.warningsDisabled=true on the command line, in the .mvn/maven.config file, or in project POM properties.
2026-03-13 07:54:22,363 [Worker-35: Building] WARN  o.apache.maven.project.MavenProject - Direct modification of compileSourceRoots through add() is deprecated and will not work in Maven 4.0.0. Please use the add/remove methods instead. If you're using a plugin that causes this warning, please upgrade to the latest version and report an issue if the warning persists. To disable these warnings, set -Dmaven.project.sourceRoots.warningsDisabled=true on the command line, in the .mvn/maven.config file, or in project POM properties.
2026-03-13 07:54:22,364 [Worker-35: Building] WARN  o.apache.maven.project.MavenProject - Direct modification of testCompileSourceRoots through clear() is deprecated and will not work in Maven 4.0.0. Please use the add/remove methods instead. If you're using a plugin that causes this warning, please upgrade to the latest version and report an issue if the warning persists. To disable these warnings, set -Dmaven.project.sourceRoots.warningsDisabled=true on the command line, in the .mvn/maven.config file, or in project POM properties.
2026-03-13 07:54:22,364 [Worker-35: Building] WARN  o.apache.maven.project.MavenProject - Direct modification of testCompileSourceRoots through add() is deprecated and will not work in Maven 4.0.0. Please use the add/remove methods instead. If you're using a plugin that causes this warning, please upgrade to the latest version and report an issue if the warning persists. To disable these warnings, set -Dmaven.project.sourceRoots.warningsDisabled=true on the command line, in the .mvn/maven.config file, or in project POM properties.
2026-03-13 07:54:36,866 [Worker-20: Updating Maven Project] INFO  o.e.m.c.i.p.ProjectConfigurationManager - Update started
2026-03-13 07:54:37,200 [Worker-20: Updating Maven Project] INFO  o.e.m.c.i.l.LifecycleMappingFactory - Using org.eclipse.m2e.jdt.JarLifecycleMapping lifecycle mapping for MavenProject: com.klu:fsad.exam:0.0.1-SNAPSHOT @ C:\Users\SHANMUKHA GANESH\eclipse-workspace\InsemLab\fsad.exam\pom.xml.
2026-03-13 07:54:37,393 [Worker-20: Updating Maven Project] INFO  o.e.m.j.i.AbstractJavaProjectConfigurator - Adding source folder /fsad.exam/src/main/java
2026-03-13 07:54:37,394 [Worker-20: Updating Maven Project] INFO  o.e.m.j.i.AbstractJavaProjectConfigurator - Adding resource folder /fsad.exam/src/main/resources
2026-03-13 07:54:37,399 [Worker-20: Updating Maven Project] INFO  o.e.m.j.i.AbstractJavaProjectConfigurator - Adding source folder /fsad.exam/src/test/java
2026-03-13 07:54:37,399 [Worker-20: Updating Maven Project] INFO  o.e.m.j.i.AbstractJavaProjectConfigurator - Adding resource folder /fsad.exam/src/test/resources
2026-03-13 07:54:37,435 [Worker-20: Updating Maven Project] WARN  o.apache.maven.project.MavenProject - Direct modification of compileSourceRoots through clear() is deprecated and will not work in Maven 4.0.0. Please use the add/remove methods instead. If you're using a plugin that causes this warning, please upgrade to the latest version and report an issue if the warning persists. To disable these warnings, set -Dmaven.project.sourceRoots.warningsDisabled=true on the command line, in the .mvn/maven.config file, or in project POM properties.
2026-03-13 07:54:37,436 [Worker-20: Updating Maven Project] WARN  o.apache.maven.project.MavenProject - Direct modification of compileSourceRoots through add() is deprecated and will not work in Maven 4.0.0. Please use the add/remove methods instead. If you're using a plugin that causes this warning, please upgrade to the latest version and report an issue if the warning persists. To disable these warnings, set -Dmaven.project.sourceRoots.warningsDisabled=true on the command line, in the .mvn/maven.config file, or in project POM properties.
2026-03-13 07:54:37,437 [Worker-20: Updating Maven Project] WARN  o.apache.maven.project.MavenProject - Direct modification of testCompileSourceRoots through clear() is deprecated and will not work in Maven 4.0.0. Please use the add/remove methods instead. If you're using a plugin that causes this warning, please upgrade to the latest version and report an issue if the warning persists. To disable these warnings, set -Dmaven.project.sourceRoots.warningsDisabled=true on the command line, in the .mvn/maven.config file, or in project POM properties.
2026-03-13 07:54:37,438 [Worker-20: Updating Maven Project] WARN  o.apache.maven.project.MavenProject - Direct modification of testCompileSourceRoots through add() is deprecated and will not work in Maven 4.0.0. Please use the add/remove methods instead. If you're using a plugin that causes this warning, please upgrade to the latest version and report an issue if the warning persists. To disable these warnings, set -Dmaven.project.sourceRoots.warningsDisabled=true on the command line, in the .mvn/maven.config file, or in project POM properties.
2026-03-13 07:54:37,530 [Worker-20: Updating Maven Project] INFO  o.e.m.c.i.p.ProjectConfigurationManager - Update completed for 1 poms: local refresh takes 0.00 sec, refresh facades takes 0.00 sec, update config takes 0.00 sec 
2026-03-13 07:54:37,698 [Worker-12: Building] INFO  o.a.m.s.f.DefaultMavenResourcesFiltering - Copying 0 resource from src\main\resources to target\classes
2026-03-13 07:54:37,704 [Worker-12: Building] INFO  o.a.m.s.f.DefaultMavenResourcesFiltering - Copying 0 resource from src\test\resources to target\test-classes
2026-03-13 07:54:38,174 [Worker-12: Building] WARN  o.apache.maven.project.MavenProject - Direct modification of compileSourceRoots through clear() is deprecated and will not work in Maven 4.0.0. Please use the add/remove methods instead. If you're using a plugin that causes this warning, please upgrade to the latest version and report an issue if the warning persists. To disable these warnings, set -Dmaven.project.sourceRoots.warningsDisabled=true on the command line, in the .mvn/maven.config file, or in project POM properties.
2026-03-13 07:54:38,175 [Worker-12: Building] WARN  o.apache.maven.project.MavenProject - Direct modification of compileSourceRoots through add() is deprecated and will not work in Maven 4.0.0. Please use the add/remove methods instead. If you're using a plugin that causes this warning, please upgrade to the latest version and report an issue if the warning persists. To disable these warnings, set -Dmaven.project.sourceRoots.warningsDisabled=true on the command line, in the .mvn/maven.config file, or in project POM properties.
2026-03-13 07:54:38,177 [Worker-12: Building] WARN  o.apache.maven.project.MavenProject - Direct modification of testCompileSourceRoots through clear() is deprecated and will not work in Maven 4.0.0. Please use the add/remove methods instead. If you're using a plugin that causes this warning, please upgrade to the latest version and report an issue if the warning persists. To disable these warnings, set -Dmaven.project.sourceRoots.warningsDisabled=true on the command line, in the .mvn/maven.config file, or in project POM properties.
2026-03-13 07:54:38,178 [Worker-12: Building] WARN  o.apache.maven.project.MavenProject - Direct modification of testCompileSourceRoots through add() is deprecated and will not work in Maven 4.0.0. Please use the add/remove methods instead. If you're using a plugin that causes this warning, please upgrade to the latest version and report an issue if the warning persists. To disable these warnings, set -Dmaven.project.sourceRoots.warningsDisabled=true on the command line, in the .mvn/maven.config file, or in project POM properties.
2026-03-13 07:56:48,477 [Worker-23: Building] INFO  o.e.m.c.i.l.LifecycleMappingFactory - Using org.eclipse.m2e.jdt.JarLifecycleMapping lifecycle mapping for MavenProject: com:hibernate:0.0.1-SNAPSHOT @ C:\Users\SHANMUKHA GANESH\eclipse-workspace\InsemLab\fsad.exam\pom.xml.
2026-03-13 07:56:50,026 [Worker-23: Building] INFO  o.a.m.s.f.DefaultMavenResourcesFiltering - Copying 0 resource from src\main\resources to target\classes
2026-03-13 07:56:50,030 [Worker-23: Building] INFO  o.a.m.s.f.DefaultMavenResourcesFiltering - Copying 0 resource from src\test\resources to target\test-classes
2026-03-13 07:56:50,374 [Worker-23: Building] WARN  o.apache.maven.project.MavenProject - Direct modification of compileSourceRoots through clear() is deprecated and will not work in Maven 4.0.0. Please use the add/remove methods instead. If you're using a plugin that causes this warning, please upgrade to the latest version and report an issue if the warning persists. To disable these warnings, set -Dmaven.project.sourceRoots.warningsDisabled=true on the command line, in the .mvn/maven.config file, or in project POM properties.
2026-03-13 07:56:50,375 [Worker-23: Building] WARN  o.apache.maven.project.MavenProject - Direct modification of compileSourceRoots through add() is deprecated and will not work in Maven 4.0.0. Please use the add/remove methods instead. If you're using a plugin that causes this warning, please upgrade to the latest version and report an issue if the warning persists. To disable these warnings, set -Dmaven.project.sourceRoots.warningsDisabled=true on the command line, in the .mvn/maven.config file, or in project POM properties.
2026-03-13 07:56:50,377 [Worker-23: Building] WARN  o.apache.maven.project.MavenProject - Direct modification of testCompileSourceRoots through clear() is deprecated and will not work in Maven 4.0.0. Please use the add/remove methods instead. If you're using a plugin that causes this warning, please upgrade to the latest version and report an issue if the warning persists. To disable these warnings, set -Dmaven.project.sourceRoots.warningsDisabled=true on the command line, in the .mvn/maven.config file, or in project POM properties.
2026-03-13 07:56:50,378 [Worker-23: Building] WARN  o.apache.maven.project.MavenProject - Direct modification of testCompileSourceRoots through add() is deprecated and will not work in Maven 4.0.0. Please use the add/remove methods instead. If you're using a plugin that causes this warning, please upgrade to the latest version and report an issue if the warning persists. To disable these warnings, set -Dmaven.project.sourceRoots.warningsDisabled=true on the command line, in the .mvn/maven.config file, or in project POM properties.
2026-03-13 07:56:50,425 [Worker-38: Updating Maven Project] INFO  o.e.m.c.i.p.ProjectConfigurationManager - Update started
2026-03-13 07:56:50,700 [Worker-38: Updating Maven Project] INFO  o.e.m.c.i.l.LifecycleMappingFactory - Using org.eclipse.m2e.jdt.JarLifecycleMapping lifecycle mapping for MavenProject: com:hibernate:0.0.1-SNAPSHOT @ C:\Users\SHANMUKHA GANESH\eclipse-workspace\InsemLab\fsad.exam\pom.xml.
2026-03-13 07:56:51,086 [Worker-38: Updating Maven Project] INFO  o.e.m.j.i.AbstractJavaProjectConfigurator - Adding source folder /fsad.exam/src/main/java
2026-03-13 07:56:51,087 [Worker-38: Updating Maven Project] INFO  o.e.m.j.i.AbstractJavaProjectConfigurator - Adding resource folder /fsad.exam/src/main/resources
2026-03-13 07:56:51,087 [Worker-38: Updating Maven Project] INFO  o.e.m.j.i.AbstractJavaProjectConfigurator - Adding source folder /fsad.exam/src/test/java
2026-03-13 07:56:51,088 [Worker-38: Updating Maven Project] INFO  o.e.m.j.i.AbstractJavaProjectConfigurator - Adding resource folder /fsad.exam/src/test/resources
2026-03-13 07:56:51,234 [Worker-38: Updating Maven Project] WARN  o.apache.maven.project.MavenProject - Direct modification of compileSourceRoots through clear() is deprecated and will not work in Maven 4.0.0. Please use the add/remove methods instead. If you're using a plugin that causes this warning, please upgrade to the latest version and report an issue if the warning persists. To disable these warnings, set -Dmaven.project.sourceRoots.warningsDisabled=true on the command line, in the .mvn/maven.config file, or in project POM properties.
2026-03-13 07:56:51,235 [Worker-38: Updating Maven Project] WARN  o.apache.maven.project.MavenProject - Direct modification of compileSourceRoots through add() is deprecated and will not work in Maven 4.0.0. Please use the add/remove methods instead. If you're using a plugin that causes this warning, please upgrade to the latest version and report an issue if the warning persists. To disable these warnings, set -Dmaven.project.sourceRoots.warningsDisabled=true on the command line, in the .mvn/maven.config file, or in project POM properties.
2026-03-13 07:56:51,237 [Worker-38: Updating Maven Project] WARN  o.apache.maven.project.MavenProject - Direct modification of testCompileSourceRoots through clear() is deprecated and will not work in Maven 4.0.0. Please use the add/remove methods instead. If you're using a plugin that causes this warning, please upgrade to the latest version and report an issue if the warning persists. To disable these warnings, set -Dmaven.project.sourceRoots.warningsDisabled=true on the command line, in the .mvn/maven.config file, or in project POM properties.
2026-03-13 07:56:51,238 [Worker-38: Updating Maven Project] WARN  o.apache.maven.project.MavenProject - Direct modification of testCompileSourceRoots through add() is deprecated and will not work in Maven 4.0.0. Please use the add/remove methods instead. If you're using a plugin that causes this warning, please upgrade to the latest version and report an issue if the warning persists. To disable these warnings, set -Dmaven.project.sourceRoots.warningsDisabled=true on the command line, in the .mvn/maven.config file, or in project POM properties.
2026-03-13 07:56:51,383 [Worker-38: Updating Maven Project] INFO  o.e.m.c.i.p.ProjectConfigurationManager - Update completed for 1 poms: local refresh takes 0.00 sec, refresh facades takes 0.00 sec, update config takes 0.00 sec 
2026-03-13 07:56:51,657 [Worker-36: Building] INFO  o.a.m.s.f.DefaultMavenResourcesFiltering - Copying 0 resource from src\main\resources to target\classes
2026-03-13 07:56:51,663 [Worker-36: Building] INFO  o.a.m.s.f.DefaultMavenResourcesFiltering - Copying 0 resource from src\test\resources to target\test-classes
2026-03-13 07:56:52,130 [Worker-36: Building] WARN  o.apache.maven.project.MavenProject - Direct modification of compileSourceRoots through clear() is deprecated and will not work in Maven 4.0.0. Please use the add/remove methods instead. If you're using a plugin that causes this warning, please upgrade to the latest version and report an issue if the warning persists. To disable these warnings, set -Dmaven.project.sourceRoots.warningsDisabled=true on the command line, in the .mvn/maven.config file, or in project POM properties.
2026-03-13 07:56:52,131 [Worker-36: Building] WARN  o.apache.maven.project.MavenProject - Direct modification of compileSourceRoots through add() is deprecated and will not work in Maven 4.0.0. Please use the add/remove methods instead. If you're using a plugin that causes this warning, please upgrade to the latest version and report an issue if the warning persists. To disable these warnings, set -Dmaven.project.sourceRoots.warningsDisabled=true on the command line, in the .mvn/maven.config file, or in project POM properties.
2026-03-13 07:56:52,133 [Worker-36: Building] WARN  o.apache.maven.project.MavenProject - Direct modification of testCompileSourceRoots through clear() is deprecated and will not work in Maven 4.0.0. Please use the add/remove methods instead. If you're using a plugin that causes this warning, please upgrade to the latest version and report an issue if the warning persists. To disable these warnings, set -Dmaven.project.sourceRoots.warningsDisabled=true on the command line, in the .mvn/maven.config file, or in project POM properties.
2026-03-13 07:56:52,134 [Worker-36: Building] WARN  o.apache.maven.project.MavenProject - Direct modification of testCompileSourceRoots through add() is deprecated and will not work in Maven 4.0.0. Please use the add/remove methods instead. If you're using a plugin that causes this warning, please upgrade to the latest version and report an issue if the warning persists. To disable these warnings, set -Dmaven.project.sourceRoots.warningsDisabled=true on the command line, in the .mvn/maven.config file, or in project POM properties.
2026-03-13 07:57:38,533 [Worker-39: Building] INFO  o.a.m.s.f.DefaultMavenResourcesFiltering - Copying 0 resource from src\main\resources to target\classes
2026-03-13 07:57:38,534 [Worker-39: Building] INFO  o.a.m.s.f.DefaultMavenResourcesFiltering - Copying 0 resource from src\test\resources to target\test-classes
2026-03-13 07:57:38,546 [Worker-39: Building] WARN  o.apache.maven.project.MavenProject - Direct modification of compileSourceRoots through clear() is deprecated and will not work in Maven 4.0.0. Please use the add/remove methods instead. If you're using a plugin that causes this warning, please upgrade to the latest version and report an issue if the warning persists. To disable these warnings, set -Dmaven.project.sourceRoots.warningsDisabled=true on the command line, in the .mvn/maven.config file, or in project POM properties.
2026-03-13 07:57:38,546 [Worker-39: Building] WARN  o.apache.maven.project.MavenProject - Direct modification of compileSourceRoots through add() is deprecated and will not work in Maven 4.0.0. Please use the add/remove methods instead. If you're using a plugin that causes this warning, please upgrade to the latest version and report an issue if the warning persists. To disable these warnings, set -Dmaven.project.sourceRoots.warningsDisabled=true on the command line, in the .mvn/maven.config file, or in project POM properties.
2026-03-13 07:57:38,547 [Worker-39: Building] WARN  o.apache.maven.project.MavenProject - Direct modification of testCompileSourceRoots through clear() is deprecated and will not work in Maven 4.0.0. Please use the add/remove methods instead. If you're using a plugin that causes this warning, please upgrade to the latest version and report an issue if the warning persists. To disable these warnings, set -Dmaven.project.sourceRoots.warningsDisabled=true on the command line, in the .mvn/maven.config file, or in project POM properties.
2026-03-13 07:57:38,547 [Worker-39: Building] WARN  o.apache.maven.project.MavenProject - Direct modification of testCompileSourceRoots through add() is deprecated and will not work in Maven 4.0.0. Please use the add/remove methods instead. If you're using a plugin that causes this warning, please upgrade to the latest version and report an issue if the warning persists. To disable these warnings, set -Dmaven.project.sourceRoots.warningsDisabled=true on the command line, in the .mvn/maven.config file, or in project POM properties.
2026-03-13 07:57:45,333 [Worker-37: Building] INFO  o.a.m.s.f.DefaultMavenResourcesFiltering - Copying 0 resource from src\main\resources to target\classes
2026-03-13 07:57:45,335 [Worker-37: Building] INFO  o.a.m.s.f.DefaultMavenResourcesFiltering - Copying 0 resource from src\test\resources to target\test-classes
2026-03-13 07:57:45,335 [Worker-37: Building] WARN  o.apache.maven.project.MavenProject - Direct modification of compileSourceRoots through clear() is deprecated and will not work in Maven 4.0.0. Please use the add/remove methods instead. If you're using a plugin that causes this warning, please upgrade to the latest version and report an issue if the warning persists. To disable these warnings, set -Dmaven.project.sourceRoots.warningsDisabled=true on the command line, in the .mvn/maven.config file, or in project POM properties.
2026-03-13 07:57:45,336 [Worker-37: Building] WARN  o.apache.maven.project.MavenProject - Direct modification of compileSourceRoots through add() is deprecated and will not work in Maven 4.0.0. Please use the add/remove methods instead. If you're using a plugin that causes this warning, please upgrade to the latest version and report an issue if the warning persists. To disable these warnings, set -Dmaven.project.sourceRoots.warningsDisabled=true on the command line, in the .mvn/maven.config file, or in project POM properties.
2026-03-13 07:57:45,337 [Worker-37: Building] WARN  o.apache.maven.project.MavenProject - Direct modification of testCompileSourceRoots through clear() is deprecated and will not work in Maven 4.0.0. Please use the add/remove methods instead. If you're using a plugin that causes this warning, please upgrade to the latest version and report an issue if the warning persists. To disable these warnings, set -Dmaven.project.sourceRoots.warningsDisabled=true on the command line, in the .mvn/maven.config file, or in project POM properties.
2026-03-13 07:57:45,338 [Worker-37: Building] WARN  o.apache.maven.project.MavenProject - Direct modification of testCompileSourceRoots through add() is deprecated and will not work in Maven 4.0.0. Please use the add/remove methods instead. If you're using a plugin that causes this warning, please upgrade to the latest version and report an issue if the warning persists. To disable these warnings, set -Dmaven.project.sourceRoots.warningsDisabled=true on the command line, in the .mvn/maven.config file, or in project POM properties.
2026-03-13 08:02:53,982 [Worker-23: Building] INFO  o.a.m.s.f.DefaultMavenResourcesFiltering - Copying 0 resource from src\main\resources to target\classes
2026-03-13 08:02:53,985 [Worker-23: Building] INFO  o.a.m.s.f.DefaultMavenResourcesFiltering - Copying 0 resource from src\test\resources to target\test-classes
2026-03-13 08:02:53,985 [Worker-23: Building] WARN  o.apache.maven.project.MavenProject - Direct modification of compileSourceRoots through clear() is deprecated and will not work in Maven 4.0.0. Please use the add/remove methods instead. If you're using a plugin that causes this warning, please upgrade to the latest version and report an issue if the warning persists. To disable these warnings, set -Dmaven.project.sourceRoots.warningsDisabled=true on the command line, in the .mvn/maven.config file, or in project POM properties.
2026-03-13 08:02:53,986 [Worker-23: Building] WARN  o.apache.maven.project.MavenProject - Direct modification of compileSourceRoots through add() is deprecated and will not work in Maven 4.0.0. Please use the add/remove methods instead. If you're using a plugin that causes this warning, please upgrade to the latest version and report an issue if the warning persists. To disable these warnings, set -Dmaven.project.sourceRoots.warningsDisabled=true on the command line, in the .mvn/maven.config file, or in project POM properties.
2026-03-13 08:02:53,986 [Worker-23: Building] WARN  o.apache.maven.project.MavenProject - Direct modification of testCompileSourceRoots through clear() is deprecated and will not work in Maven 4.0.0. Please use the add/remove methods instead. If you're using a plugin that causes this warning, please upgrade to the latest version and report an issue if the warning persists. To disable these warnings, set -Dmaven.project.sourceRoots.warningsDisabled=true on the command line, in the .mvn/maven.config file, or in project POM properties.
2026-03-13 08:02:53,987 [Worker-23: Building] WARN  o.apache.maven.project.MavenProject - Direct modification of testCompileSourceRoots through add() is deprecated and will not work in Maven 4.0.0. Please use the add/remove methods instead. If you're using a plugin that causes this warning, please upgrade to the latest version and report an issue if the warning persists. To disable these warnings, set -Dmaven.project.sourceRoots.warningsDisabled=true on the command line, in the .mvn/maven.config file, or in project POM properties.
2026-03-13 08:10:43,592 [Worker-4: Building] INFO  o.a.m.s.f.DefaultMavenResourcesFiltering - Copying 0 resource from src\main\resources to target\classes
2026-03-13 08:10:43,594 [Worker-4: Building] INFO  o.a.m.s.f.DefaultMavenResourcesFiltering - Copying 0 resource from src\test\resources to target\test-classes
2026-03-13 08:10:43,595 [Worker-4: Building] WARN  o.apache.maven.project.MavenProject - Direct modification of compileSourceRoots through clear() is deprecated and will not work in Maven 4.0.0. Please use the add/remove methods instead. If you're using a plugin that causes this warning, please upgrade to the latest version and report an issue if the warning persists. To disable these warnings, set -Dmaven.project.sourceRoots.warningsDisabled=true on the command line, in the .mvn/maven.config file, or in project POM properties.
2026-03-13 08:10:43,595 [Worker-4: Building] WARN  o.apache.maven.project.MavenProject - Direct modification of compileSourceRoots through add() is deprecated and will not work in Maven 4.0.0. Please use the add/remove methods instead. If you're using a plugin that causes this warning, please upgrade to the latest version and report an issue if the warning persists. To disable these warnings, set -Dmaven.project.sourceRoots.warningsDisabled=true on the command line, in the .mvn/maven.config file, or in project POM properties.
2026-03-13 08:10:43,596 [Worker-4: Building] WARN  o.apache.maven.project.MavenProject - Direct modification of testCompileSourceRoots through clear() is deprecated and will not work in Maven 4.0.0. Please use the add/remove methods instead. If you're using a plugin that causes this warning, please upgrade to the latest version and report an issue if the warning persists. To disable these warnings, set -Dmaven.project.sourceRoots.warningsDisabled=true on the command line, in the .mvn/maven.config file, or in project POM properties.
2026-03-13 08:10:43,596 [Worker-4: Building] WARN  o.apache.maven.project.MavenProject - Direct modification of testCompileSourceRoots through add() is deprecated and will not work in Maven 4.0.0. Please use the add/remove methods instead. If you're using a plugin that causes this warning, please upgrade to the latest version and report an issue if the warning persists. To disable these warnings, set -Dmaven.project.sourceRoots.warningsDisabled=true on the command line, in the .mvn/maven.config file, or in project POM properties.
2026-03-13 08:12:13,734 [Worker-23: Building] INFO  o.a.m.s.f.DefaultMavenResourcesFiltering - Copying 0 resource from src\main\resources to target\classes
2026-03-13 08:12:13,738 [Worker-23: Building] INFO  o.a.m.s.f.DefaultMavenResourcesFiltering - Copying 0 resource from src\test\resources to target\test-classes
2026-03-13 08:12:13,738 [Worker-23: Building] WARN  o.apache.maven.project.MavenProject - Direct modification of compileSourceRoots through clear() is deprecated and will not work in Maven 4.0.0. Please use the add/remove methods instead. If you're using a plugin that causes this warning, please upgrade to the latest version and report an issue if the warning persists. To disable these warnings, set -Dmaven.project.sourceRoots.warningsDisabled=true on the command line, in the .mvn/maven.config file, or in project POM properties.
2026-03-13 08:12:13,739 [Worker-23: Building] WARN  o.apache.maven.project.MavenProject - Direct modification of compileSourceRoots through add() is deprecated and will not work in Maven 4.0.0. Please use the add/remove methods instead. If you're using a plugin that causes this warning, please upgrade to the latest version and report an issue if the warning persists. To disable these warnings, set -Dmaven.project.sourceRoots.warningsDisabled=true on the command line, in the .mvn/maven.config file, or in project POM properties.
2026-03-13 08:12:13,739 [Worker-23: Building] WARN  o.apache.maven.project.MavenProject - Direct modification of testCompileSourceRoots through clear() is deprecated and will not work in Maven 4.0.0. Please use the add/remove methods instead. If you're using a plugin that causes this warning, please upgrade to the latest version and report an issue if the warning persists. To disable these warnings, set -Dmaven.project.sourceRoots.warningsDisabled=true on the command line, in the .mvn/maven.config file, or in project POM properties.
2026-03-13 08:12:13,740 [Worker-23: Building] WARN  o.apache.maven.project.MavenProject - Direct modification of testCompileSourceRoots through add() is deprecated and will not work in Maven 4.0.0. Please use the add/remove methods instead. If you're using a plugin that causes this warning, please upgrade to the latest version and report an issue if the warning persists. To disable these warnings, set -Dmaven.project.sourceRoots.warningsDisabled=true on the command line, in the .mvn/maven.config file, or in project POM properties.
2026-03-13 08:12:35,345 [Worker-4: Building] INFO  o.a.m.s.f.DefaultMavenResourcesFiltering - Copying 0 resource from src\main\resources to target\classes
2026-03-13 08:12:35,349 [Worker-4: Building] INFO  o.a.m.s.f.DefaultMavenResourcesFiltering - Copying 0 resource from src\test\resources to target\test-classes
2026-03-13 08:12:35,350 [Worker-4: Building] WARN  o.apache.maven.project.MavenProject - Direct modification of compileSourceRoots through clear() is deprecated and will not work in Maven 4.0.0. Please use the add/remove methods instead. If you're using a plugin that causes this warning, please upgrade to the latest version and report an issue if the warning persists. To disable these warnings, set -Dmaven.project.sourceRoots.warningsDisabled=true on the command line, in the .mvn/maven.config file, or in project POM properties.
2026-03-13 08:12:35,351 [Worker-4: Building] WARN  o.apache.maven.project.MavenProject - Direct modification of compileSourceRoots through add() is deprecated and will not work in Maven 4.0.0. Please use the add/remove methods instead. If you're using a plugin that causes this warning, please upgrade to the latest version and report an issue if the warning persists. To disable these warnings, set -Dmaven.project.sourceRoots.warningsDisabled=true on the command line, in the .mvn/maven.config file, or in project POM properties.
2026-03-13 08:12:35,352 [Worker-4: Building] WARN  o.apache.maven.project.MavenProject - Direct modification of testCompileSourceRoots through clear() is deprecated and will not work in Maven 4.0.0. Please use the add/remove methods instead. If you're using a plugin that causes this warning, please upgrade to the latest version and report an issue if the warning persists. To disable these warnings, set -Dmaven.project.sourceRoots.warningsDisabled=true on the command line, in the .mvn/maven.config file, or in project POM properties.
2026-03-13 08:12:35,353 [Worker-4: Building] WARN  o.apache.maven.project.MavenProject - Direct modification of testCompileSourceRoots through add() is deprecated and will not work in Maven 4.0.0. Please use the add/remove methods instead. If you're using a plugin that causes this warning, please upgrade to the latest version and report an issue if the warning persists. To disable these warnings, set -Dmaven.project.sourceRoots.warningsDisabled=true on the command line, in the .mvn/maven.config file, or in project POM properties.
2026-03-13 08:13:19,387 [Worker-23: Building] INFO  o.a.m.s.f.DefaultMavenResourcesFiltering - Copying 1 resource from src\main\resources to target\classes
2026-03-13 08:13:19,403 [Worker-23: Building] INFO  o.a.m.s.f.DefaultMavenResourcesFiltering - Copying 0 resource from src\test\resources to target\test-classes
2026-03-13 08:13:19,404 [Worker-23: Building] WARN  o.apache.maven.project.MavenProject - Direct modification of compileSourceRoots through clear() is deprecated and will not work in Maven 4.0.0. Please use the add/remove methods instead. If you're using a plugin that causes this warning, please upgrade to the latest version and report an issue if the warning persists. To disable these warnings, set -Dmaven.project.sourceRoots.warningsDisabled=true on the command line, in the .mvn/maven.config file, or in project POM properties.
2026-03-13 08:13:19,406 [Worker-23: Building] WARN  o.apache.maven.project.MavenProject - Direct modification of compileSourceRoots through add() is deprecated and will not work in Maven 4.0.0. Please use the add/remove methods instead. If you're using a plugin that causes this warning, please upgrade to the latest version and report an issue if the warning persists. To disable these warnings, set -Dmaven.project.sourceRoots.warningsDisabled=true on the command line, in the .mvn/maven.config file, or in project POM properties.
2026-03-13 08:13:19,407 [Worker-23: Building] WARN  o.apache.maven.project.MavenProject - Direct modification of testCompileSourceRoots through clear() is deprecated and will not work in Maven 4.0.0. Please use the add/remove methods instead. If you're using a plugin that causes this warning, please upgrade to the latest version and report an issue if the warning persists. To disable these warnings, set -Dmaven.project.sourceRoots.warningsDisabled=true on the command line, in the .mvn/maven.config file, or in project POM properties.
2026-03-13 08:13:19,408 [Worker-23: Building] WARN  o.apache.maven.project.MavenProject - Direct modification of testCompileSourceRoots through add() is deprecated and will not work in Maven 4.0.0. Please use the add/remove methods instead. If you're using a plugin that causes this warning, please upgrade to the latest version and report an issue if the warning persists. To disable these warnings, set -Dmaven.project.sourceRoots.warningsDisabled=true on the command line, in the .mvn/maven.config file, or in project POM properties.
2026-03-13 08:14:10,579 [Worker-40: Building] INFO  o.a.m.s.f.DefaultMavenResourcesFiltering - Copying 1 resource from src\main\resources to target\classes
2026-03-13 08:14:10,593 [Worker-40: Building] INFO  o.a.m.s.f.DefaultMavenResourcesFiltering - Copying 0 resource from src\test\resources to target\test-classes
2026-03-13 08:14:10,595 [Worker-40: Building] WARN  o.apache.maven.project.MavenProject - Direct modification of compileSourceRoots through clear() is deprecated and will not work in Maven 4.0.0. Please use the add/remove methods instead. If you're using a plugin that causes this warning, please upgrade to the latest version and report an issue if the warning persists. To disable these warnings, set -Dmaven.project.sourceRoots.warningsDisabled=true on the command line, in the .mvn/maven.config file, or in project POM properties.
2026-03-13 08:14:10,597 [Worker-40: Building] WARN  o.apache.maven.project.MavenProject - Direct modification of compileSourceRoots through add() is deprecated and will not work in Maven 4.0.0. Please use the add/remove methods instead. If you're using a plugin that causes this warning, please upgrade to the latest version and report an issue if the warning persists. To disable these warnings, set -Dmaven.project.sourceRoots.warningsDisabled=true on the command line, in the .mvn/maven.config file, or in project POM properties.
2026-03-13 08:14:10,601 [Worker-40: Building] WARN  o.apache.maven.project.MavenProject - Direct modification of testCompileSourceRoots through clear() is deprecated and will not work in Maven 4.0.0. Please use the add/remove methods instead. If you're using a plugin that causes this warning, please upgrade to the latest version and report an issue if the warning persists. To disable these warnings, set -Dmaven.project.sourceRoots.warningsDisabled=true on the command line, in the .mvn/maven.config file, or in project POM properties.
2026-03-13 08:14:10,605 [Worker-40: Building] WARN  o.apache.maven.project.MavenProject - Direct modification of testCompileSourceRoots through add() is deprecated and will not work in Maven 4.0.0. Please use the add/remove methods instead. If you're using a plugin that causes this warning, please upgrade to the latest version and report an issue if the warning persists. To disable these warnings, set -Dmaven.project.sourceRoots.warningsDisabled=true on the command line, in the .mvn/maven.config file, or in project POM properties.
2026-03-13 08:14:21,160 [Worker-23: Building] INFO  o.a.m.s.f.DefaultMavenResourcesFiltering - Copying 1 resource from src\main\resources to target\classes
2026-03-13 08:14:21,167 [Worker-23: Building] INFO  o.a.m.s.f.DefaultMavenResourcesFiltering - Copying 0 resource from src\test\resources to target\test-classes
2026-03-13 08:14:21,168 [Worker-23: Building] WARN  o.apache.maven.project.MavenProject - Direct modification of compileSourceRoots through clear() is deprecated and will not work in Maven 4.0.0. Please use the add/remove methods instead. If you're using a plugin that causes this warning, please upgrade to the latest version and report an issue if the warning persists. To disable these warnings, set -Dmaven.project.sourceRoots.warningsDisabled=true on the command line, in the .mvn/maven.config file, or in project POM properties.
2026-03-13 08:14:21,169 [Worker-23: Building] WARN  o.apache.maven.project.MavenProject - Direct modification of compileSourceRoots through add() is deprecated and will not work in Maven 4.0.0. Please use the add/remove methods instead. If you're using a plugin that causes this warning, please upgrade to the latest version and report an issue if the warning persists. To disable these warnings, set -Dmaven.project.sourceRoots.warningsDisabled=true on the command line, in the .mvn/maven.config file, or in project POM properties.
2026-03-13 08:14:21,169 [Worker-23: Building] WARN  o.apache.maven.project.MavenProject - Direct modification of testCompileSourceRoots through clear() is deprecated and will not work in Maven 4.0.0. Please use the add/remove methods instead. If you're using a plugin that causes this warning, please upgrade to the latest version and report an issue if the warning persists. To disable these warnings, set -Dmaven.project.sourceRoots.warningsDisabled=true on the command line, in the .mvn/maven.config file, or in project POM properties.
2026-03-13 08:14:21,170 [Worker-23: Building] WARN  o.apache.maven.project.MavenProject - Direct modification of testCompileSourceRoots through add() is deprecated and will not work in Maven 4.0.0. Please use the add/remove methods instead. If you're using a plugin that causes this warning, please upgrade to the latest version and report an issue if the warning persists. To disable these warnings, set -Dmaven.project.sourceRoots.warningsDisabled=true on the command line, in the .mvn/maven.config file, or in project POM properties.
2026-03-13 08:14:40,999 [Worker-35: Building] INFO  o.a.m.s.f.DefaultMavenResourcesFiltering - Copying 1 resource from src\main\resources to target\classes
2026-03-13 08:14:41,009 [Worker-35: Building] INFO  o.a.m.s.f.DefaultMavenResourcesFiltering - Copying 0 resource from src\test\resources to target\test-classes
2026-03-13 08:14:41,009 [Worker-35: Building] WARN  o.apache.maven.project.MavenProject - Direct modification of compileSourceRoots through clear() is deprecated and will not work in Maven 4.0.0. Please use the add/remove methods instead. If you're using a plugin that causes this warning, please upgrade to the latest version and report an issue if the warning persists. To disable these warnings, set -Dmaven.project.sourceRoots.warningsDisabled=true on the command line, in the .mvn/maven.config file, or in project POM properties.
2026-03-13 08:14:41,010 [Worker-35: Building] WARN  o.apache.maven.project.MavenProject - Direct modification of compileSourceRoots through add() is deprecated and will not work in Maven 4.0.0. Please use the add/remove methods instead. If you're using a plugin that causes this warning, please upgrade to the latest version and report an issue if the warning persists. To disable these warnings, set -Dmaven.project.sourceRoots.warningsDisabled=true on the command line, in the .mvn/maven.config file, or in project POM properties.
2026-03-13 08:14:41,011 [Worker-35: Building] WARN  o.apache.maven.project.MavenProject - Direct modification of testCompileSourceRoots through clear() is deprecated and will not work in Maven 4.0.0. Please use the add/remove methods instead. If you're using a plugin that causes this warning, please upgrade to the latest version and report an issue if the warning persists. To disable these warnings, set -Dmaven.project.sourceRoots.warningsDisabled=true on the command line, in the .mvn/maven.config file, or in project POM properties.
2026-03-13 08:14:41,012 [Worker-35: Building] WARN  o.apache.maven.project.MavenProject - Direct modification of testCompileSourceRoots through add() is deprecated and will not work in Maven 4.0.0. Please use the add/remove methods instead. If you're using a plugin that causes this warning, please upgrade to the latest version and report an issue if the warning persists. To disable these warnings, set -Dmaven.project.sourceRoots.warningsDisabled=true on the command line, in the .mvn/maven.config file, or in project POM properties.
2026-03-13 08:14:48,631 [Worker-23: Building] INFO  o.a.m.s.f.DefaultMavenResourcesFiltering - Copying 1 resource from src\main\resources to target\classes
2026-03-13 08:14:48,635 [Worker-23: Building] INFO  o.a.m.s.f.DefaultMavenResourcesFiltering - Copying 0 resource from src\test\resources to target\test-classes
2026-03-13 08:14:48,635 [Worker-23: Building] WARN  o.apache.maven.project.MavenProject - Direct modification of compileSourceRoots through clear() is deprecated and will not work in Maven 4.0.0. Please use the add/remove methods instead. If you're using a plugin that causes this warning, please upgrade to the latest version and report an issue if the warning persists. To disable these warnings, set -Dmaven.project.sourceRoots.warningsDisabled=true on the command line, in the .mvn/maven.config file, or in project POM properties.
2026-03-13 08:14:48,636 [Worker-23: Building] WARN  o.apache.maven.project.MavenProject - Direct modification of compileSourceRoots through add() is deprecated and will not work in Maven 4.0.0. Please use the add/remove methods instead. If you're using a plugin that causes this warning, please upgrade to the latest version and report an issue if the warning persists. To disable these warnings, set -Dmaven.project.sourceRoots.warningsDisabled=true on the command line, in the .mvn/maven.config file, or in project POM properties.
2026-03-13 08:14:48,636 [Worker-23: Building] WARN  o.apache.maven.project.MavenProject - Direct modification of testCompileSourceRoots through clear() is deprecated and will not work in Maven 4.0.0. Please use the add/remove methods instead. If you're using a plugin that causes this warning, please upgrade to the latest version and report an issue if the warning persists. To disable these warnings, set -Dmaven.project.sourceRoots.warningsDisabled=true on the command line, in the .mvn/maven.config file, or in project POM properties.
2026-03-13 08:14:48,637 [Worker-23: Building] WARN  o.apache.maven.project.MavenProject - Direct modification of testCompileSourceRoots through add() is deprecated and will not work in Maven 4.0.0. Please use the add/remove methods instead. If you're using a plugin that causes this warning, please upgrade to the latest version and report an issue if the warning persists. To disable these warnings, set -Dmaven.project.sourceRoots.warningsDisabled=true on the command line, in the .mvn/maven.config file, or in project POM properties.
2026-03-13 08:16:06,795 [Worker-35: Building] INFO  o.a.m.s.f.DefaultMavenResourcesFiltering - Copying 1 resource from src\main\resources to target\classes
2026-03-13 08:16:06,800 [Worker-35: Building] INFO  o.a.m.s.f.DefaultMavenResourcesFiltering - Copying 0 resource from src\test\resources to target\test-classes
2026-03-13 08:16:06,801 [Worker-35: Building] WARN  o.apache.maven.project.MavenProject - Direct modification of compileSourceRoots through clear() is deprecated and will not work in Maven 4.0.0. Please use the add/remove methods instead. If you're using a plugin that causes this warning, please upgrade to the latest version and report an issue if the warning persists. To disable these warnings, set -Dmaven.project.sourceRoots.warningsDisabled=true on the command line, in the .mvn/maven.config file, or in project POM properties.
2026-03-13 08:16:06,802 [Worker-35: Building] WARN  o.apache.maven.project.MavenProject - Direct modification of compileSourceRoots through add() is deprecated and will not work in Maven 4.0.0. Please use the add/remove methods instead. If you're using a plugin that causes this warning, please upgrade to the latest version and report an issue if the warning persists. To disable these warnings, set -Dmaven.project.sourceRoots.warningsDisabled=true on the command line, in the .mvn/maven.config file, or in project POM properties.
2026-03-13 08:16:06,802 [Worker-35: Building] WARN  o.apache.maven.project.MavenProject - Direct modification of testCompileSourceRoots through clear() is deprecated and will not work in Maven 4.0.0. Please use the add/remove methods instead. If you're using a plugin that causes this warning, please upgrade to the latest version and report an issue if the warning persists. To disable these warnings, set -Dmaven.project.sourceRoots.warningsDisabled=true on the command line, in the .mvn/maven.config file, or in project POM properties.
2026-03-13 08:16:06,803 [Worker-35: Building] WARN  o.apache.maven.project.MavenProject - Direct modification of testCompileSourceRoots through add() is deprecated and will not work in Maven 4.0.0. Please use the add/remove methods instead. If you're using a plugin that causes this warning, please upgrade to the latest version and report an issue if the warning persists. To disable these warnings, set -Dmaven.project.sourceRoots.warningsDisabled=true on the command line, in the .mvn/maven.config file, or in project POM properties.
2026-03-13 08:17:22,486 [Worker-40: Building] INFO  o.a.m.s.f.DefaultMavenResourcesFiltering - Copying 1 resource from src\main\resources to target\classes
2026-03-13 08:17:22,492 [Worker-40: Building] INFO  o.a.m.s.f.DefaultMavenResourcesFiltering - Copying 0 resource from src\test\resources to target\test-classes
2026-03-13 08:17:22,492 [Worker-40: Building] WARN  o.apache.maven.project.MavenProject - Direct modification of compileSourceRoots through clear() is deprecated and will not work in Maven 4.0.0. Please use the add/remove methods instead. If you're using a plugin that causes this warning, please upgrade to the latest version and report an issue if the warning persists. To disable these warnings, set -Dmaven.project.sourceRoots.warningsDisabled=true on the command line, in the .mvn/maven.config file, or in project POM properties.
2026-03-13 08:17:22,493 [Worker-40: Building] WARN  o.apache.maven.project.MavenProject - Direct modification of compileSourceRoots through add() is deprecated and will not work in Maven 4.0.0. Please use the add/remove methods instead. If you're using a plugin that causes this warning, please upgrade to the latest version and report an issue if the warning persists. To disable these warnings, set -Dmaven.project.sourceRoots.warningsDisabled=true on the command line, in the .mvn/maven.config file, or in project POM properties.
2026-03-13 08:17:22,494 [Worker-40: Building] WARN  o.apache.maven.project.MavenProject - Direct modification of testCompileSourceRoots through clear() is deprecated and will not work in Maven 4.0.0. Please use the add/remove methods instead. If you're using a plugin that causes this warning, please upgrade to the latest version and report an issue if the warning persists. To disable these warnings, set -Dmaven.project.sourceRoots.warningsDisabled=true on the command line, in the .mvn/maven.config file, or in project POM properties.
2026-03-13 08:17:22,495 [Worker-40: Building] WARN  o.apache.maven.project.MavenProject - Direct modification of testCompileSourceRoots through add() is deprecated and will not work in Maven 4.0.0. Please use the add/remove methods instead. If you're using a plugin that causes this warning, please upgrade to the latest version and report an issue if the warning persists. To disable these warnings, set -Dmaven.project.sourceRoots.warningsDisabled=true on the command line, in the .mvn/maven.config file, or in project POM properties.
2026-03-13 08:18:12,898 [Worker-40: Building] INFO  o.a.m.s.f.DefaultMavenResourcesFiltering - Copying 1 resource from src\main\resources to target\classes
2026-03-13 08:18:12,905 [Worker-40: Building] INFO  o.a.m.s.f.DefaultMavenResourcesFiltering - Copying 0 resource from src\test\resources to target\test-classes
2026-03-13 08:18:12,905 [Worker-40: Building] WARN  o.apache.maven.project.MavenProject - Direct modification of compileSourceRoots through clear() is deprecated and will not work in Maven 4.0.0. Please use the add/remove methods instead. If you're using a plugin that causes this warning, please upgrade to the latest version and report an issue if the warning persists. To disable these warnings, set -Dmaven.project.sourceRoots.warningsDisabled=true on the command line, in the .mvn/maven.config file, or in project POM properties.
2026-03-13 08:18:12,906 [Worker-40: Building] WARN  o.apache.maven.project.MavenProject - Direct modification of compileSourceRoots through add() is deprecated and will not work in Maven 4.0.0. Please use the add/remove methods instead. If you're using a plugin that causes this warning, please upgrade to the latest version and report an issue if the warning persists. To disable these warnings, set -Dmaven.project.sourceRoots.warningsDisabled=true on the command line, in the .mvn/maven.config file, or in project POM properties.
2026-03-13 08:18:12,908 [Worker-40: Building] WARN  o.apache.maven.project.MavenProject - Direct modification of testCompileSourceRoots through clear() is deprecated and will not work in Maven 4.0.0. Please use the add/remove methods instead. If you're using a plugin that causes this warning, please upgrade to the latest version and report an issue if the warning persists. To disable these warnings, set -Dmaven.project.sourceRoots.warningsDisabled=true on the command line, in the .mvn/maven.config file, or in project POM properties.
2026-03-13 08:18:12,909 [Worker-40: Building] WARN  o.apache.maven.project.MavenProject - Direct modification of testCompileSourceRoots through add() is deprecated and will not work in Maven 4.0.0. Please use the add/remove methods instead. If you're using a plugin that causes this warning, please upgrade to the latest version and report an issue if the warning persists. To disable these warnings, set -Dmaven.project.sourceRoots.warningsDisabled=true on the command line, in the .mvn/maven.config file, or in project POM properties.
2026-03-13 08:30:57,072 [Worker-45: Building] INFO  o.a.m.s.f.DefaultMavenResourcesFiltering - Copying 1 resource from src\main\resources to target\classes
2026-03-13 08:30:57,076 [Worker-45: Building] INFO  o.a.m.s.f.DefaultMavenResourcesFiltering - Copying 0 resource from src\test\resources to target\test-classes
2026-03-13 08:30:57,077 [Worker-45: Building] WARN  o.apache.maven.project.MavenProject - Direct modification of compileSourceRoots through clear() is deprecated and will not work in Maven 4.0.0. Please use the add/remove methods instead. If you're using a plugin that causes this warning, please upgrade to the latest version and report an issue if the warning persists. To disable these warnings, set -Dmaven.project.sourceRoots.warningsDisabled=true on the command line, in the .mvn/maven.config file, or in project POM properties.
2026-03-13 08:30:57,077 [Worker-45: Building] WARN  o.apache.maven.project.MavenProject - Direct modification of compileSourceRoots through add() is deprecated and will not work in Maven 4.0.0. Please use the add/remove methods instead. If you're using a plugin that causes this warning, please upgrade to the latest version and report an issue if the warning persists. To disable these warnings, set -Dmaven.project.sourceRoots.warningsDisabled=true on the command line, in the .mvn/maven.config file, or in project POM properties.
2026-03-13 08:30:57,078 [Worker-45: Building] WARN  o.apache.maven.project.MavenProject - Direct modification of testCompileSourceRoots through clear() is deprecated and will not work in Maven 4.0.0. Please use the add/remove methods instead. If you're using a plugin that causes this warning, please upgrade to the latest version and report an issue if the warning persists. To disable these warnings, set -Dmaven.project.sourceRoots.warningsDisabled=true on the command line, in the .mvn/maven.config file, or in project POM properties.
2026-03-13 08:30:57,080 [Worker-45: Building] WARN  o.apache.maven.project.MavenProject - Direct modification of testCompileSourceRoots through add() is deprecated and will not work in Maven 4.0.0. Please use the add/remove methods instead. If you're using a plugin that causes this warning, please upgrade to the latest version and report an issue if the warning persists. To disable these warnings, set -Dmaven.project.sourceRoots.warningsDisabled=true on the command line, in the .mvn/maven.config file, or in project POM properties.
2026-03-13 08:32:02,597 [Worker-23: Building] INFO  o.a.m.s.f.DefaultMavenResourcesFiltering - Copying 1 resource from src\main\resources to target\classes
2026-03-13 08:32:02,600 [Worker-23: Building] INFO  o.a.m.s.f.DefaultMavenResourcesFiltering - Copying 0 resource from src\test\resources to target\test-classes
2026-03-13 08:32:02,600 [Worker-23: Building] WARN  o.apache.maven.project.MavenProject - Direct modification of compileSourceRoots through clear() is deprecated and will not work in Maven 4.0.0. Please use the add/remove methods instead. If you're using a plugin that causes this warning, please upgrade to the latest version and report an issue if the warning persists. To disable these warnings, set -Dmaven.project.sourceRoots.warningsDisabled=true on the command line, in the .mvn/maven.config file, or in project POM properties.
2026-03-13 08:32:02,601 [Worker-23: Building] WARN  o.apache.maven.project.MavenProject - Direct modification of compileSourceRoots through add() is deprecated and will not work in Maven 4.0.0. Please use the add/remove methods instead. If you're using a plugin that causes this warning, please upgrade to the latest version and report an issue if the warning persists. To disable these warnings, set -Dmaven.project.sourceRoots.warningsDisabled=true on the command line, in the .mvn/maven.config file, or in project POM properties.
2026-03-13 08:32:02,602 [Worker-23: Building] WARN  o.apache.maven.project.MavenProject - Direct modification of testCompileSourceRoots through clear() is deprecated and will not work in Maven 4.0.0. Please use the add/remove methods instead. If you're using a plugin that causes this warning, please upgrade to the latest version and report an issue if the warning persists. To disable these warnings, set -Dmaven.project.sourceRoots.warningsDisabled=true on the command line, in the .mvn/maven.config file, or in project POM properties.
2026-03-13 08:32:02,602 [Worker-23: Building] WARN  o.apache.maven.project.MavenProject - Direct modification of testCompileSourceRoots through add() is deprecated and will not work in Maven 4.0.0. Please use the add/remove methods instead. If you're using a plugin that causes this warning, please upgrade to the latest version and report an issue if the warning persists. To disable these warnings, set -Dmaven.project.sourceRoots.warningsDisabled=true on the command line, in the .mvn/maven.config file, or in project POM properties.
2026-03-13 08:33:34,114 [Worker-43: Launching ClientDemo] INFO  o.a.m.s.f.DefaultMavenResourcesFiltering - Copying 1 resource from src\main\resources to target\classes
2026-03-13 08:33:34,122 [Worker-43: Launching ClientDemo] INFO  o.a.m.s.f.DefaultMavenResourcesFiltering - Copying 0 resource from src\test\resources to target\test-classes
2026-03-13 08:33:34,123 [Worker-43: Launching ClientDemo] WARN  o.apache.maven.project.MavenProject - Direct modification of compileSourceRoots through clear() is deprecated and will not work in Maven 4.0.0. Please use the add/remove methods instead. If you're using a plugin that causes this warning, please upgrade to the latest version and report an issue if the warning persists. To disable these warnings, set -Dmaven.project.sourceRoots.warningsDisabled=true on the command line, in the .mvn/maven.config file, or in project POM properties.
2026-03-13 08:33:34,125 [Worker-43: Launching ClientDemo] WARN  o.apache.maven.project.MavenProject - Direct modification of compileSourceRoots through add() is deprecated and will not work in Maven 4.0.0. Please use the add/remove methods instead. If you're using a plugin that causes this warning, please upgrade to the latest version and report an issue if the warning persists. To disable these warnings, set -Dmaven.project.sourceRoots.warningsDisabled=true on the command line, in the .mvn/maven.config file, or in project POM properties.
2026-03-13 08:33:34,126 [Worker-43: Launching ClientDemo] WARN  o.apache.maven.project.MavenProject - Direct modification of testCompileSourceRoots through clear() is deprecated and will not work in Maven 4.0.0. Please use the add/remove methods instead. If you're using a plugin that causes this warning, please upgrade to the latest version and report an issue if the warning persists. To disable these warnings, set -Dmaven.project.sourceRoots.warningsDisabled=true on the command line, in the .mvn/maven.config file, or in project POM properties.
2026-03-13 08:33:34,128 [Worker-43: Launching ClientDemo] WARN  o.apache.maven.project.MavenProject - Direct modification of testCompileSourceRoots through add() is deprecated and will not work in Maven 4.0.0. Please use the add/remove methods instead. If you're using a plugin that causes this warning, please upgrade to the latest version and report an issue if the warning persists. To disable these warnings, set -Dmaven.project.sourceRoots.warningsDisabled=true on the command line, in the .mvn/maven.config file, or in project POM properties.
2026-03-13 08:33:56,780 [Worker-45: Launching ClientDemo] INFO  o.a.m.s.f.DefaultMavenResourcesFiltering - Copying 1 resource from src\main\resources to target\classes
2026-03-13 08:33:56,787 [Worker-45: Launching ClientDemo] INFO  o.a.m.s.f.DefaultMavenResourcesFiltering - Copying 0 resource from src\test\resources to target\test-classes
2026-03-13 08:33:56,788 [Worker-45: Launching ClientDemo] WARN  o.apache.maven.project.MavenProject - Direct modification of compileSourceRoots through clear() is deprecated and will not work in Maven 4.0.0. Please use the add/remove methods instead. If you're using a plugin that causes this warning, please upgrade to the latest version and report an issue if the warning persists. To disable these warnings, set -Dmaven.project.sourceRoots.warningsDisabled=true on the command line, in the .mvn/maven.config file, or in project POM properties.
2026-03-13 08:33:56,789 [Worker-45: Launching ClientDemo] WARN  o.apache.maven.project.MavenProject - Direct modification of compileSourceRoots through add() is deprecated and will not work in Maven 4.0.0. Please use the add/remove methods instead. If you're using a plugin that causes this warning, please upgrade to the latest version and report an issue if the warning persists. To disable these warnings, set -Dmaven.project.sourceRoots.warningsDisabled=true on the command line, in the .mvn/maven.config file, or in project POM properties.
2026-03-13 08:33:56,790 [Worker-45: Launching ClientDemo] WARN  o.apache.maven.project.MavenProject - Direct modification of testCompileSourceRoots through clear() is deprecated and will not work in Maven 4.0.0. Please use the add/remove methods instead. If you're using a plugin that causes this warning, please upgrade to the latest version and report an issue if the warning persists. To disable these warnings, set -Dmaven.project.sourceRoots.warningsDisabled=true on the command line, in the .mvn/maven.config file, or in project POM properties.
2026-03-13 08:33:56,791 [Worker-45: Launching ClientDemo] WARN  o.apache.maven.project.MavenProject - Direct modification of testCompileSourceRoots through add() is deprecated and will not work in Maven 4.0.0. Please use the add/remove methods instead. If you're using a plugin that causes this warning, please upgrade to the latest version and report an issue if the warning persists. To disable these warnings, set -Dmaven.project.sourceRoots.warningsDisabled=true on the command line, in the .mvn/maven.config file, or in project POM properties.
2026-03-13 08:34:09,539 [Worker-48: Launching ClientDemo] INFO  o.a.m.s.f.DefaultMavenResourcesFiltering - Copying 1 resource from src\main\resources to target\classes
2026-03-13 08:34:09,545 [Worker-48: Launching ClientDemo] INFO  o.a.m.s.f.DefaultMavenResourcesFiltering - Copying 0 resource from src\test\resources to target\test-classes
2026-03-13 08:34:09,546 [Worker-48: Launching ClientDemo] WARN  o.apache.maven.project.MavenProject - Direct modification of compileSourceRoots through clear() is deprecated and will not work in Maven 4.0.0. Please use the add/remove methods instead. If you're using a plugin that causes this warning, please upgrade to the latest version and report an issue if the warning persists. To disable these warnings, set -Dmaven.project.sourceRoots.warningsDisabled=true on the command line, in the .mvn/maven.config file, or in project POM properties.
2026-03-13 08:34:09,548 [Worker-48: Launching ClientDemo] WARN  o.apache.maven.project.MavenProject - Direct modification of compileSourceRoots through add() is deprecated and will not work in Maven 4.0.0. Please use the add/remove methods instead. If you're using a plugin that causes this warning, please upgrade to the latest version and report an issue if the warning persists. To disable these warnings, set -Dmaven.project.sourceRoots.warningsDisabled=true on the command line, in the .mvn/maven.config file, or in project POM properties.
2026-03-13 08:34:09,549 [Worker-48: Launching ClientDemo] WARN  o.apache.maven.project.MavenProject - Direct modification of testCompileSourceRoots through clear() is deprecated and will not work in Maven 4.0.0. Please use the add/remove methods instead. If you're using a plugin that causes this warning, please upgrade to the latest version and report an issue if the warning persists. To disable these warnings, set -Dmaven.project.sourceRoots.warningsDisabled=true on the command line, in the .mvn/maven.config file, or in project POM properties.
2026-03-13 08:34:09,551 [Worker-48: Launching ClientDemo] WARN  o.apache.maven.project.MavenProject - Direct modification of testCompileSourceRoots through add() is deprecated and will not work in Maven 4.0.0. Please use the add/remove methods instead. If you're using a plugin that causes this warning, please upgrade to the latest version and report an issue if the warning persists. To disable these warnings, set -Dmaven.project.sourceRoots.warningsDisabled=true on the command line, in the .mvn/maven.config file, or in project POM properties.
2026-03-13 08:35:33,025 [Worker-47: Launching ClientDemo] INFO  o.a.m.s.f.DefaultMavenResourcesFiltering - Copying 1 resource from src\main\resources to target\classes
2026-03-13 08:35:33,033 [Worker-47: Launching ClientDemo] INFO  o.a.m.s.f.DefaultMavenResourcesFiltering - Copying 0 resource from src\test\resources to target\test-classes
2026-03-13 08:35:33,034 [Worker-47: Launching ClientDemo] WARN  o.apache.maven.project.MavenProject - Direct modification of compileSourceRoots through clear() is deprecated and will not work in Maven 4.0.0. Please use the add/remove methods instead. If you're using a plugin that causes this warning, please upgrade to the latest version and report an issue if the warning persists. To disable these warnings, set -Dmaven.project.sourceRoots.warningsDisabled=true on the command line, in the .mvn/maven.config file, or in project POM properties.
2026-03-13 08:35:33,036 [Worker-47: Launching ClientDemo] WARN  o.apache.maven.project.MavenProject - Direct modification of compileSourceRoots through add() is deprecated and will not work in Maven 4.0.0. Please use the add/remove methods instead. If you're using a plugin that causes this warning, please upgrade to the latest version and report an issue if the warning persists. To disable these warnings, set -Dmaven.project.sourceRoots.warningsDisabled=true on the command line, in the .mvn/maven.config file, or in project POM properties.
2026-03-13 08:35:33,038 [Worker-47: Launching ClientDemo] WARN  o.apache.maven.project.MavenProject - Direct modification of testCompileSourceRoots through clear() is deprecated and will not work in Maven 4.0.0. Please use the add/remove methods instead. If you're using a plugin that causes this warning, please upgrade to the latest version and report an issue if the warning persists. To disable these warnings, set -Dmaven.project.sourceRoots.warningsDisabled=true on the command line, in the .mvn/maven.config file, or in project POM properties.
2026-03-13 08:35:33,039 [Worker-47: Launching ClientDemo] WARN  o.apache.maven.project.MavenProject - Direct modification of testCompileSourceRoots through add() is deprecated and will not work in Maven 4.0.0. Please use the add/remove methods instead. If you're using a plugin that causes this warning, please upgrade to the latest version and report an issue if the warning persists. To disable these warnings, set -Dmaven.project.sourceRoots.warningsDisabled=true on the command line, in the .mvn/maven.config file, or in project POM properties.
